tableName;columnName;columnSequence
A25CAPV49L;caisseAvId;9321
A25CAPV49L;caisseAvProcesVerbalId;7440
A25CAPV49L;categorieRegie;8552
A25CAPV49L;categorieRegieID;9763
A25CAPV49L;chCode;7725
A25CAPV49L;commentaireControlePiecesJustificatives;6412
A25CAPV49L;commentaiRerespectPrincipeSpecialite;6334
A25CAPV49L;dateArreteCreation;7260
A25CAPV49L;dateCreation;6002
A25CAPV49L;dateCreationAnnee;5507
A25CAPV49L;dateCreationJour;5141
A25CAPV49L;dateCreationMois;7646
A25CAPV49L;dateDecisionCreation;5773
A25CAPV49L;dateMAJ;8851
A25CAPV49L;dateQuittanceReversementFondsEnCaisse;8655
A25CAPV49L;dateQuittanceReversementRecettes;8549
A25CAPV49L;dateQuittanceReversementSommesNonJustifiees;7587
A25CAPV49L;dateSignature;9166
A25CAPV49L;depenseEnCoursDeRemboursement;5698
A25CAPV49L;depenseEnCoursDeRemboursementEnLettre;9812
A25CAPV49L;depenseEnInstanceRegisseur;8943
A25CAPV49L;depenseEnInstanceRegisseurEnLettre;8911
A25CAPV49L;differenceSoldeEnEcriture;8735
A25CAPV49L;differenceSoldeEnEcritureEnLettre;7217
A25CAPV49L;encaisse;6381
A25CAPV49L;evaluationAppreciationsVerificateur;7085
A25CAPV49L;evaluationAvisDGB;9738
A25CAPV49L;evaluationDate;6423
A25CAPV49L;evaluationDecisionMinistre;6268
A25CAPV49L;evaluationPropositionsSDCF;6939
A25CAPV49L;exMillesime;7791
A25CAPV49L;gradeComptable;5019
A25CAPV49L;gradeOrdonnateur;6448
A25CAPV49L;gradeRegisseur;8211
A25CAPV49L;imputationTechnique;9105
A25CAPV49L;matriculeComptable;7562
A25CAPV49L;matriculeOrdonnateur;8562
A25CAPV49L;matriculeRegisseur;5068
A25CAPV49L;montantRealisationsEffectives;6464
A25CAPV49L;montantRealisationsEffectivesEnLettre;5743
A25CAPV49L;montantSoldeEnEcritureJournal;6860
A25CAPV49L;montantSoldeEnEcritureJournalEnLettre;6186
A25CAPV49L;montantSoldeEnEcriturePieces;9888
A25CAPV49L;montantSoldeEnEcriturePiecesEnLettre;6172
A25CAPV49L;montantSommesNonJustifiees;7498
A25CAPV49L;montantSommesNonJustifieesEnLettre;9644
A25CAPV49L;montantTotalFondsEnCaisse;5380
A25CAPV49L;montantTotalFondsEnCaisseEnLettre;9839
A25CAPV49L;montantTotalRecette;9778
A25CAPV49L;montantTotalRecetteEnLettre;6914
A25CAPV49L;motDuRegisseur;7316
A25CAPV49L;motifSiObjetJustifiantOuvertureRegieNonRespecte;5380
A25CAPV49L;natureDepense;7841
A25CAPV49L;nomComptable;5118
A25CAPV49L;nomOrdonnateur;7720
A25CAPV49L;nomRegisseur;7772
A25CAPV49L;numArreteCreation;5093
A25CAPV49L;numDecision;6014
A25CAPV49L;numDecisionCreation;5353
A25CAPV49L;numLettreDeMission;6796
A25CAPV49L;numNoteDeService;8703
A25CAPV49L;numQuittanceReversementFondsEnCaisse;8607
A25CAPV49L;numQuittanceReversementRecettes;8587
A25CAPV49L;numQuittanceReversementSommesNonJustifiees;8103
A25CAPV49L;numRegie;5121
A25CAPV49L;objetRegie;5233
A25CAPV49L;observationsDeLaMission;9063
A25CAPV49L;observationsSiPiecesJustificatives;5375
A25CAPV49L;prenomComptable;6782
A25CAPV49L;prenomOrdonnateur;7114
A25CAPV49L;prenomRegisseur;7208
A25CAPV49L;propositionsDeLaMission;5242
A25CAPV49L;respectPrincipeSpecialite;9127
A25CAPV49L;respectPrincipeSpecialiteID;9047
A25CAPV49L;siEffectivitePrestationDifficile;9704
A25CAPV49L;siImpotsTaxesRetenuesDeduits;8034
A25CAPV49L;siObjetJustifiantOuvertureRegieRespecte;5495
A25CAPV49L;siPiecesJustificativesValides;9073
A25CAPV49L;soldeEnCaisse;7567
A25CAPV49L;soldeEnCaisseEnLettre;7533
A25CAPV49L;structure;6238
A25CAPV49L;userMAJ;7361
A25CAPV49L;volumeAnnuel;8849
A56ACIN02R;inAmplitude;9243
A56ACIN02R;inCode;9737
A56ACIN02R;inDateCible;9902
A56ACIN02R;inDateMaj;5459
A56ACIN02R;inDateRef;8529
A56ACIN02R;inDescriptionAnglais;9612
A56ACIN02R;inDescriptionFrancais;9124
A56ACIN02R;inLibelleAnglais;6678
A56ACIN02R;inLibelleAnglais2;7935
A56ACIN02R;inLibelleAnglais3;9237
A56ACIN02R;inLibelleAnglais4;7719
A56ACIN02R;inLibelleAnglais5;6169
A56ACIN02R;inLibelleFrancais;8342
A56ACIN02R;inLibelleFrancais2;8438
A56ACIN02R;inLibelleFrancais3;5101
A56ACIN02R;inLibelleFrancais4;6028
A56ACIN02R;inLibelleFrancais5;7777
A56ACIN02R;inNumOrdreInd;8264
A56ACIN02R;inPeriodicite;5363
A56ACIN02R;inResponsableStructure;5928
A56ACIN02R;inSensEvolution;7648
A56ACIN02R;inSeuil;8356
A56ACIN02R;inSiDeclencheur;9342
A56ACIN02R;inSiNouveau;9488
A56ACIN02R;inSourceDonnee;6360
A56ACIN02R;inSourceVerification;9382
A56ACIN02R;inUserMaj;9282
A56ACIN02R;inValeurCible;9473
A56ACIN02R;inValeurDeclencheur;8263
A56ACIN02R;inValeurRef;9885
A56ACIN02R;inVersion;7997
A56ACIN02R;obCode;6918
A56ACIN02R;trCodeTranche;9802
A56ACIN02R;umSymboleMesure;9590
A56ACIN02R;umSymbolePeriodicite;9877
A96GRUS98R;g14gdde21t;7826
A96GRUS98R;g27gdfi20n;7273
A96GRUS98R;g28grno21m;6084
A96GRUS98R;g39grac23f;9789
A96GRUS98R;g48gdma31j;5670
A96GRUS98R;g66guma47j;9621
A96GRUS98R;l60liid43d;7003
A96GRUS98R;u66utlo25n;9078
A97GEDO14E;d58daid15d;9739
A97GEDO14E;e34exmi65e;6186
A97GEDO14E;g15gdde01t;9010
A97GEDO14E;g20gdfi51n;7383
A97GEDO14E;g29grno58m;8404
A97GEDO14E;g43grac29f;9134
A97GEDO14E;g43guma77j;5037
A97GEDO14E;g60gdma56j;5263
A97GEDO14E;l39liid70d;5833
A97GEDO14E;n50nive22u;8242
A97GEDO14E;p56pdid88d;6876
B18BSEQ10N;AB1S;8748
B18BSEQ10N;ADP;5064
B18BSEQ10N;AUTRETRANSF;7843
B18BSEQ10N;BIPC2D;7403
B18BSEQ10N;BIPRIO;8880
B18BSEQ10N;BS;9689
B18BSEQ10N;CONTRIB;5113
B18BSEQ10N;dateMaj;5554
B18BSEQ10N;DetteExt;5578
B18BSEQ10N;DetteInt;9362
B18BSEQ10N;EET;7445
B18BSEQ10N;exMillesime;7792
B18BSEQ10N;FINEX;7631
B18BSEQ10N;id;7322
B18BSEQ10N;IntituleJourAn;5825
B18BSEQ10N;IntituleJourFr;8077
B18BSEQ10N;mDateJour;5083
B18BSEQ10N;NumSemaine;8943
B18BSEQ10N;Pension;8768
B18BSEQ10N;Sal;8436
B18BSEQ10N;Subvention;7740
B18BSEQ10N;TypeOperation;8859
B18BSEQ10N;UserMaj;7580
B23BAME18E;actif;8748
B23BAME18E;dateDebut;8027
B23BAME18E;dateFin;9581
B23BAME18E;dateMaj;7908
B23BAME18E;dure;9991
B23BAME18E;ID;8167
B23BAME18E;messages_env;6344
B23BAME18E;userMaj;7119
B92NAEC26E;a58arti05e;5769
B92NAEC26E;c43comp04e;5610
B92NAEC26E;dateDebut;9816
B92NAEC26E;dateFin;7493
B92NAEC26E;n11nlan06s;5573
B92NAEC26E;n23neco00e;9876
B92NAEC26E;n24neid09d;8006
B92NAEC26E;n31numa95j;6468
B92NAEC26E;n53nlfr84s;7168
B92NAEC26E;n61ndma97j;6423
B92NAEC26E;p55para10e;5091
B92NAEC26E;r16rubr57e;6916
B92NAEC26E;t38titr34e;6820
B92NAEC26E;version;8665
B92POCO76E;a65aaid02d;8451
B92POCO76E;d10ddid80d;7270
B92POCO76E;l37llei55d;7500
B92POCO76E;p18ppid49d;6075
B92POCO76E;p22plus00s;5801
B92POCO76E;p35pcex50n;7662
B92POCO76E;p35pdma55j;6339
B92POCO76E;p37puma15j;7137
B92POCO76E;p51plfr55r;6998
B92POCO76E;p54pcna29e;6357
B92POCO76E;pcAbreviation;9526
B92POCO76E;pcCode;9773
B92POCO76E;pcCodeTresor;7334
B92POCO76E;pcDateDebut;5107
B92POCO76E;pcDateFin;8669
B92POCO76E;pcLibelleFrSave;5635
B92POCO76E;pcPosteComptableId;5499
B93REGI46N;p13pcli81u;6466
B93REGI46N;p15pdma64j;7969
B93REGI46N;p15plru31s;7776
B93REGI46N;p38plan09s;5408
B93REGI46N;p40ppid91d;8621
B93REGI46N;p52plfr42s;9006
B93REGI46N;p54plrf85r;9669
B93REGI46N;p57puma81j;9525
B93REGI46N;p61pnor74e;8400
B93REGI46N;prCode;7198
B93REGI46N;prDateDebut;5281
B93REGI46N;prDateFin;6943
B94ARTI18E;aoArrondissementID;5849
B94ARTI18E;arAbreviation;8423
B94ARTI18E;arCode;8862
B94ARTI18E;arDateMAJ;5050
B94ARTI18E;arLibelleAnglais;9844
B94ARTI18E;arLibelleFrancais;5781
B94ARTI18E;arLibelleReduitFr;8720
B94ARTI18E;arLibelleReduitUs;9129
B94ARTI18E;arNumOrdre;5147
B94ARTI18E;arType;5630
B94ARTI18E;arUserMAJ;8455
B94ARTI18E;caCode;8675
B94ARTI18E;deDepartementID;8858
B94ARTI18E;diDistrictID;9018
B94ARTI18E;exMillesime;5500
B94ARTI18E;fsCode;5090
B94ARTI18E;loLocaliteExtID;8267
B94ARTI18E;orCode;6976
B94ARTI18E;pcCode;9344
B94ARTI18E;prProvinceID;5746
B94ARTI18E;reCode;5177
B96CHAP69E;c10cuma37j;7319
B96CHAP69E;c11clan11s;9410
B96CHAP69E;c13chab00n;5069
B96CHAP69E;c22cdma98j;6742
B96CHAP69E;c45clfr14s;5232
B96CHAP69E;c50chco63e;7273
B96CHAP69E;chChapitreId;6810
B96CHAP69E;chDateDebut;9444
B96CHAP69E;chDateFin;6749
B96CHAP69E;chLibelleReduitFr;6924
B96CHAP69E;chLibellereduitUs;5563
B96CHAP69E;chType;9573
B96CHAP69E;seCode;6954
B96CHAP69E;seCodeMinepat;9416
B98ARRO22T;a18anor41e;9241
B98ARRO22T;a25alrf99r;8131
B98ARRO22T;a40adma10j;7219
B98ARRO22T;a43aaid86d;5913
B98ARRO22T;a50alfr48s;8251
B98ARRO22T;a56acli01u;9562
B98ARRO22T;a63auma52j;7700
B98ARRO22T;a64alan15s;6372
B98ARRO22T;a65alru95s;8756
B98ARRO22T;aoCode;5916
B98ARRO22T;aoDateDebut;7071
B98ARRO22T;aoDateFin;8826
B98ARRO22T;d51ddid05d;8366
B98DEPA83T;d24dlan62s;6970
B98DEPA83T;d27dlrf95r;7367
B98DEPA83T;d27duma68j;7919
B98DEPA83T;d32ddma12j;8370
B98DEPA83T;d38dlru31s;5185
B98DEPA83T;d40dcli75u;8797
B98DEPA83T;d42dlfr05s;5109
B98DEPA83T;d47dnor79e;6653
B98DEPA83T;d55ddid92d;6996
B98DEPA83T;deCode;7523
B98DEPA83T;deDateDebut;5453
B98DEPA83T;deDateFin;9780
B98DEPA83T;p66ppid30d;8809
BM;ACTIONS;9257
BM;ANNEE;6267
BM;ARTICLE;5349
BM;CATEGORIE;5397
BM;CHAPITRE;8999
BM;CL;8206
BM;CP_REVISE;6259
BM;CP_VOTE;7646
BM;CPT;7774
BM;FSNIV1;9522
BM;FSNIV2;8163
BM;FSNIV3;8665
BM;GPE;8475
BM;IMPUTATION;7773
BM;LOCALITE;8008
BM;NE_NIV4;5448
BM;ORDONNANCEMENT;8419
BM;PROGRAMME;5043
BM2019;ACTIONS;9966
BM2019;ANNEE;7874
BM2019;ARTICLE;8387
BM2019;CATEGORIE;9705
BM2019;CHAPITRE;8875
BM2019;CL;8398
BM2019;CP_REVISE;9669
BM2019;CP_VOTE;7437
BM2019;CPT;7430
BM2019;FSNIV1;9510
BM2019;FSNIV2;6493
BM2019;FSNIV3;5272
BM2019;GPE;6814
BM2019;IMPUTATION;9820
BM2019;LOCALITE;7349
BM2019;NE_NIV4;7305
BM2019;ORDONNANCEMENT;9473
BM2019;PROGRAMME;5941
BM2020;ACTIONS;9367
BM2020;ANNEE;8395
BM2020;ARTICLE;6753
BM2020;CATEGORIE;5946
BM2020;CHAPITRE;7557
BM2020;CL;9214
BM2020;CP_REVISE;5880
BM2020;CP_VOTE;6884
BM2020;CPT;8567
BM2020;FSNIV1;5852
BM2020;FSNIV2;7777
BM2020;FSNIV3;6502
BM2020;GPE;7162
BM2020;IMPUTATION;6865
BM2020;LOCALITE;9576
BM2020;NE_NIV4;7266
BM2020;ORDONNANCEMENT;7842
BM2020;PROGRAMME;7142
BM2021;ACTIONS;5830
BM2021;ANNEE;6085
BM2021;ARTICLE;6277
BM2021;CATEGORIE;9089
BM2021;CHAPITRE;8006
BM2021;CL;7725
BM2021;CP_REVISE;8988
BM2021;CP_VOTE;8739
BM2021;CPT;5227
BM2021;FSNIV1;7924
BM2021;FSNIV2;6078
BM2021;FSNIV3;5446
BM2021;GPE;5061
BM2021;IMPUTATION;8692
BM2021;LOCALITE;7796
BM2021;NE_NIV4;7638
BM2021;ORDONNANCEMENT;8248
BM2021;PROGRAMME;9179
BOOST;ACTIONS;5149
BOOST;ANNEE;6848
BOOST;ARTICLE;5951
BOOST;CATEGORIE;5885
BOOST;CHAPITRE;5603
BOOST;CP_REVISE;7827
BOOST;CP_VOTE;7813
BOOST;FN_NIV1;9101
BOOST;FN_NIV2;8594
BOOST;FN_NIV3;8563
BOOST;IMPUTATIONS;6910
BOOST;LOCALITE;8726
BOOST;NE_NIV1;7737
BOOST;NE_NIV2;8844
BOOST;NE_NIV3;9804
BOOST;NE_NIV4;6127
BOOST;ORDONNANCEMENT;8827
BOOST;PROGRAMME;8679
BOOST2019;ACTIONS;6695
BOOST2019;ANNEE;5393
BOOST2019;ARTICLE;8396
BOOST2019;CATEGORIE;6227
BOOST2019;CHAPITRE;5331
BOOST2019;CP_REVISE;8681
BOOST2019;CP_VOTE;6886
BOOST2019;FP_NV2;9433
BOOST2019;FS_NV1;8312
BOOST2019;FS_NV3;8139
BOOST2019;IMPUTATION;9896
BOOST2019;LOCALITE;6675
BOOST2019;NE_NIV4;5901
BOOST2019;NE_NV1;5618
BOOST2019;NE_NV2;8241
BOOST2019;NE_NV3;9598
BOOST2019;ORDONNANCEMENT;6602
BOOST2019;PROGRAMME;7621
BOOST2020;ACTIONS;5719
BOOST2020;ANNEE;9073
BOOST2020;ARTICLE;9831
BOOST2020;CATEGORIE;7807
BOOST2020;CHAPITRE;7560
BOOST2020;CP_REVISE;6233
BOOST2020;CP_VOTE;6661
BOOST2020;FP_NV2;6712
BOOST2020;FS_NV1;5910
BOOST2020;FS_NV3;5156
BOOST2020;IMPUTATION;6577
BOOST2020;LOCALITE;8384
BOOST2020;NE_NIV4;7813
BOOST2020;NE_NV1;6764
BOOST2020;NE_NV2;5532
BOOST2020;NE_NV3;6618
BOOST2020;ORDONNANCEMENT;6350
BOOST2020;PROGRAMME;8279
BOOST2021;ACTIONS;9515
BOOST2021;ANNEE;6722
BOOST2021;ARTICLE;6849
BOOST2021;CATEGORIE;6307
BOOST2021;CHAPITRE;6734
BOOST2021;CP_REVISE;6175
BOOST2021;CP_VOTE;6493
BOOST2021;FP_NV2;9086
BOOST2021;FS_NV1;5372
BOOST2021;FS_NV3;9222
BOOST2021;IMPUTATION;9791
BOOST2021;LOCALITE;6498
BOOST2021;NE_NIV4;8643
BOOST2021;NE_NV1;9393
BOOST2021;NE_NV2;5938
BOOST2021;NE_NV3;5185
BOOST2021;ORDONNANCEMENT;5169
BOOST2021;PROGRAMME;8084
D11DE20202;ENC_BP;6370
D11DE20202;ENC_CLASSIF;7987
D11DE20202;ENC_CLE;6726
D11DE20202;ENC_CODMIN;9496
D11DE20202;ENC_DATE;5520
D11DE20202;ENC_DATE_LIQ;6211
D11DE20202;ENC_EMETTEUR;7542
D11DE20202;ENC_EMI;8099
D11DE20202;ENC_ETAB;7875
D11DE20202;ENC_FACTURE;5864
D11DE20202;ENC_FOURNIS;7634
D11DE20202;ENC_IMPUTB;9977
D11DE20202;ENC_IMPUTT;5334
D11DE20202;ENC_LIBELLE1;5596
D11DE20202;ENC_LIBELLE2;8934
D11DE20202;ENC_MARCHE;9302
D11DE20202;ENC_MDR;9214
D11DE20202;ENC_MDR_COMPTE;9820
D11DE20202;ENC_MDR_IMPUT;5096
D11DE20202;ENC_MDR_LIBELLE;8414
D11DE20202;ENC_MTTAXE_ENG;9881
D11DE20202;ENC_NB_REGL;7909
D11DE20202;ENC_NBREGL;5278
D11DE20202;ENC_ORIGINE;5710
D11DE20202;ENC_PC;9969
D11DE20202;ENC_PC2;8477
D11DE20202;ENC_PIECE;8768
D11DE20202;ENC_PREC_MONTANT;6232
D11DE20202;ENC_REGLE;7640
D11DE20202;ENC_VISA;8123
D11DE20202;VIDE1;7010
D11DE20202;VIDE2;6228
D11DE20202;VIDE3;6677
D11DE20202;VIDE8;7898
D11DE20202;VIDE9;5424
D17DATA73A;Colonne 0;6522
D17DATA73A;Colonne 1;8028
D17DATA73A;Colonne 2;5156
D17DATA73A;Colonne 3;9876
D17DATA73A;Colonne 4;6949
D17DATA73A;Colonne 5;8958
D17DATA73A;Colonne 6;8433
D18DELI03O;ENC_BP;9090
D18DELI03O;ENC_CLASSIF;5591
D18DELI03O;ENC_CLE;5798
D18DELI03O;ENC_CODMIN;9411
D18DELI03O;ENC_DATE;6530
D18DELI03O;ENC_DATE_LIQ;8585
D18DELI03O;ENC_EMETTEUR;8996
D18DELI03O;ENC_EMI;7773
D18DELI03O;ENC_ETAB;7938
D18DELI03O;ENC_FACTURE;7726
D18DELI03O;ENC_FOURNIS;7982
D18DELI03O;ENC_IMPUTB;9355
D18DELI03O;ENC_IMPUTT;8069
D18DELI03O;ENC_LIBELLE1;9017
D18DELI03O;ENC_LIBELLE2;9074
D18DELI03O;ENC_MARCHE;5074
D18DELI03O;ENC_MDR;6862
D18DELI03O;ENC_MDR_COMPTE;8967
D18DELI03O;ENC_MDR_IMPUT;8300
D18DELI03O;ENC_MDR_LIBELLE;9541
D18DELI03O;ENC_MTTAXE_ENG;5262
D18DELI03O;ENC_NB_REGL;6257
D18DELI03O;ENC_NBREGL;8392
D18DELI03O;ENC_ORIGINE;7538
D18DELI03O;ENC_PC;7184
D18DELI03O;ENC_PC2;8007
D18DELI03O;ENC_PIECE;8083
D18DELI03O;ENC_PREC_MONTANT;5957
D18DELI03O;ENC_REGLE;8107
D18DELI03O;ENC_VISA;5655
D18DELI03O;VIDE1;9554
D18DELI03O;VIDE2;7551
D18DELI03O;VIDE3;8388
D18DELI03O;VIDE8;8929
D18DELI03O;VIDE9;5217
D19DELM74O;ENC_BP;7064
D19DELM74O;ENC_CLASSIF;6841
D19DELM74O;ENC_CLE;8711
D19DELM74O;ENC_CODMIN;8863
D19DELM74O;ENC_DATE;5790
D19DELM74O;ENC_DATE_LIQ;9881
D19DELM74O;ENC_EMETTEUR;9407
D19DELM74O;ENC_EMI;8130
D19DELM74O;ENC_ETAB;5409
D19DELM74O;ENC_FACTURE;7691
D19DELM74O;ENC_FOURNIS;9932
D19DELM74O;ENC_IMPUTB;6763
D19DELM74O;ENC_IMPUTT;7138
D19DELM74O;ENC_LIBELLE1;8302
D19DELM74O;ENC_LIBELLE2;6552
D19DELM74O;ENC_MARCHE;9320
D19DELM74O;ENC_MDR;7651
D19DELM74O;ENC_MDR_COMPTE;5406
D19DELM74O;ENC_MDR_IMPUT;9271
D19DELM74O;ENC_MDR_LIBELLE;8774
D19DELM74O;ENC_MTTAXE_ENG;9042
D19DELM74O;ENC_NB_REGL;5551
D19DELM74O;ENC_NBREGL;8250
D19DELM74O;ENC_ORIGINE;8380
D19DELM74O;ENC_PC;7620
D19DELM74O;ENC_PC2;5794
D19DELM74O;ENC_PIECE;7154
D19DELM74O;ENC_PREC_MONTANT;6699
D19DELM74O;ENC_REGLE;8083
D19DELM74O;ENC_VISA;6382
D19DELM74O;VIDE1;9197
D19DELM74O;VIDE2;9136
D19DELM74O;VIDE3;6699
D19DELM74O;VIDE8;9124
D19DELM74O;VIDE9;8010
D21DITE27P;arCodeArticle;6640
D21DITE27P;AutDep;5950
D21DITE27P;importId;8753
D21DITE27P;imputIBIS;5260
D21DITE27P;ImputPROBMIS;7637
D21DITE27P;montant;7357
D21DITE27P;neCode;9712
D21DITE27P;paExecutionId;9439
D21DITE27P;pcCode;5590
D21DITE27P;pcLibelle;8293
D21DITE27P;region;5708
D26DEIM50T;arCodeArticle;8748
D26DEIM50T;AutDep;7516
D26DEIM50T;importId;5259
D26DEIM50T;imputIBIS;7879
D26DEIM50T;ImputPROBMIS;8616
D26DEIM50T;montant;9364
D26DEIM50T;neCode;9932
D26DEIM50T;pcCode;8992
D26DEIM50T;pcLibelle;7840
D26DEIM50T;region;9493
D32DEIM90T;arCodeArticle;9101
D32DEIM90T;AutDep;6998
D32DEIM90T;importId;7461
D32DEIM90T;imputIBIS;8717
D32DEIM90T;ImputPROBMIS;8798
D32DEIM90T;montant;7144
D32DEIM90T;neCode;6079
D32DEIM90T;pcCode;6128
D32DEIM90T;pcLibelle;8880
D32DEIM90T;region;7443
D46DEIM56T;arCodeArticle;9975
D46DEIM56T;AutDep;8047
D46DEIM56T;importId;9601
D46DEIM56T;imputIBIS;8526
D46DEIM56T;ImputPROBMIS;8245
D46DEIM56T;montant;5071
D46DEIM56T;neCode;7426
D46DEIM56T;pcCode;5885
D46DEIM56T;pcLibelle;8832
D46DEIM56T;region;8236
D50DOBO31N;CodeExo;5754
D50DOBO31N;EtatBon;5206
D50DOBO31N;FactTTC;6397
D50DOBO31N;MontantTTC;6398
D50DOBO31N;NumBon;5812
D50DOBO31N;NumCarnet;5333
D50DOBO31N;NumContrib;8272
D50DOBO31N;NumImputEco;7228
D50DOBO31N;StatutBon;9713
D50DOBO31N;StructBenef;5992
D50DOBO31N;TrimSem;8489
D55DOCA72T;CodeChapitre;5502
D55DOCA72T;CodeExo;8000
D55DOCA72T;CodeService;6462
D55DOCA72T;DateAffectCtrl;8288
D55DOCA72T;DateEnreg;6702
D55DOCA72T;DtSignBord;5592
D55DOCA72T;id;5372
D55DOCA72T;NumBonDebut;9331
D55DOCA72T;NumBonFin;5611
D55DOCA72T;NumBordDB;9771
D55DOCA72T;NumBordereau;7096
D55DOCA72T;NumCarnet;5736
D55DOCA72T;SiPPTE;9651
D55DOCA72T;Statut;8327
D55DOCA72T;TypeCarnet;7975
D55DOCA72T;UserMAJ;7833
dtproperties;id;7329
dtproperties;lvalue;8722
dtproperties;objectid;5165
dtproperties;property;6605
dtproperties;uvalue;8158
dtproperties;value;9299
dtproperties;version;6731
E10AJME66E;acteJuridiqueID;5277
E10AJME66E;acteJuridiqueMessageID;5534
E10AJME66E;actif;7969
E10AJME66E;caisseAvID;7869
E10AJME66E;chCode;8782
E10AJME66E;dateMaj;7057
E10AJME66E;exMillesime;8503
E10AJME66E;imputation;7747
E10AJME66E;message;6812
E10AJME66E;numCertificat;7958
E10AJME66E;numRegie;7848
E10AJME66E;objet;6597
E10AJME66E;userMaj;5696
E10AJME66E;userValidation;5608
E10BPCH23E;bnNumBon;5197
E10BPCH23E;codeBeneficiaire;9969
E10BPCH23E;dateLIQ;6097
E10BPCH23E;dateMaj;5603
E10BPCH23E;datePE;7304
E10BPCH23E;imputation;8402
E10BPCH23E;montantPE;6987
E10BPCH23E;pcCodeExecution;5990
E10BPCH23E;peID;8687
E10BPCH23E;rang;9041
E10BPCH23E;userMaj;6070
E10BPCH23E;verifie;7396
E10CAAP44E;caisseAvAvenantId;7176
E10CAAP44E;caisseAvAvenantPaId;7117
E10CAAP44E;montant;6420
E10CAAP44E;paExecutionId;7068
E10COHI37E;dateEnregistrement;9051
E10COHI37E;dateMaj;7862
E10COHI37E;descriptionFr;8255
E10COHI37E;descriptionUs;8859
E10COHI37E;dossierId;9240
E10COHI37E;etatEmission;9437
E10COHI37E;etatReception;8776
E10COHI37E;historiqueId;8109
E10COHI37E;nbrePieceJointe;5584
E10COHI37E;numBordEmission;8291
E10COHI37E;numBordReception;9048
E10COHI37E;ordre;5358
E10COHI37E;posteEmissionId;8559
E10COHI37E;posteReceptionId;7528
E10COHI37E;posteTraitementId;9861
E10COHI37E;userMaj;8518
E10DAAC48R;abbreviation;8436
E10DAAC48R;acteurID;6618
E10DAAC48R;dateMaj;8958
E10DAAC48R;libelle;6625
E10DAAC48R;userMaj;9925
E10DEBL41E;arCodeArticle;7639
E10DEBL41E;dateMAJ;5583
E10DEBL41E;deblocageId;8459
E10DEBL41E;deblocageLigneId;8132
E10DEBL41E;neCodeNatureEco;6260
E10DEBL41E;paAeDeblocage;5481
E10DEBL41E;paCpDeblocage;5596
E10DEBL41E;paExecutionId;6822
E10DEBL41E;userMaj;6119
E10DEDU88N;DateCreation;6017
E10DEDU88N;dateMaj;7816
E10DEDU88N;Description;5688
E10DEDU88N;exMillesime;5254
E10DEDU88N;LigneID;9568
E10DEDU88N;responsableId;6497
E10DEDU88N;typeProcedure;8721
E10DEDU88N;userCreation;5556
E10DEDU88N;userMaj;5804
E10DERI98B;beneficiaireId;9328
E10DERI98B;cle;8076
E10DERI98B;codeAgence;7464
E10DERI98B;codeBanque;7171
E10DERI98B;dateMaj;5872
E10DERI98B;description;5733
E10DERI98B;listeExmillesime;9613
E10DERI98B;numCompte;8943
E10DERI98B;ribId;9239
E10DERI98B;typeBenf;7169
E10DERI98B;userMaj;6212
E10LCPR68T;chCode;5418
E10LCPR68T;cni;9122
E10LCPR68T;code;6622
E10LCPR68T;dateDebut;7209
E10LCPR68T;dateDemande;6138
E10LCPR68T;dateFin;6519
E10LCPR68T;dateMaj;9653
E10LCPR68T;exMillesime;7860
E10LCPR68T;id;8240
E10LCPR68T;nom;7520
E10LCPR68T;numBon;7480
E10LCPR68T;numContribuable;7614
E10LCPR68T;userMaj;9775
E10PAMJ21L;dateOperation;6954
E10PAMJ21L;exMillesime;5340
E10PAMJ21L;id;7610
E10PAMJ21L;operation;7812
E10PAMJ21L;paExecutionId;9390
E10PAMJ21L;sfBudgetisationCodeNew;7196
E10PAMJ21L;sfBudgetisationCodeOld;6920
E10PAMJ21L;sfBudgetisationNumNew;6731
E10PAMJ21L;sfBudgetisationNumOld;9253
E10PAMJ21L;userMaj;6136
E10PRCH06E;beneficiaireCode;7499
E10PRCH06E;beneficiaireNom;9346
E10PRCH06E;chapitre;5681
E10PRCH06E;dateMAJ;9977
E10PRCH06E;exMillesime;5924
E10PRCH06E;precompteChapitreID;5114
E10PRCH06E;precompteID;8509
E10PRCH06E;userMAJ;7420
E11BARE29N;bcaId;6248
E11BARE29N;chCode;9935
E11BARE29N;dateAutorisation;5213
E11BARE29N;exMillesime;7511
E11BARE29N;id;5014
E11BARE29N;nbreAutorisation;5241
E11BARE29N;numBonCommande;5608
E11BARE29N;userAutorisation;8862
E11CAPV35E;caisseAvProcesVerbalPieceJustificativeDispoTypeId;9286
E11CAPV35E;libelleEN;9337
E11CAPV35E;libelleFR;7121
E11CERT89T;acteJuridiqueID;7103
E11CERT89T;agMatriculeResp;5868
E11CERT89T;certificatId;6915
E11CERT89T;chCodeChapitre;5150
E11CERT89T;controleFinancierID;6831
E11CERT89T;dateGeneration;8767
E11CERT89T;dernier;5837
E11CERT89T;exMillesime;6658
E11CERT89T;userMaj;9585
E11DAJO15L;dacID;7638
E11DAJO15L;dateOperation;9791
E11DAJO15L;id;8912
E11DAJO15L;numeroDAC;9241
E11DAJO15L;operation;6110
E11DAJO15L;userMaj;7066
E11OSAD86E;code;7026
E11OSAD86E;dateCreation;9673
E11OSAD86E;dateMAJ;9433
E11OSAD86E;descriptionEn;9082
E11OSAD86E;descriptionFr;9772
E11OSAD86E;libelleEn;8972
E11OSAD86E;libelleFr;7393
E11OSAD86E;organigrammeID;8763
E11OSAD86E;organisationID;9996
E11OSAD86E;referenceCreation;9636
E11OSAD86E;structureAdministrativeID;6889
E11OSAD86E;structureMereID;9541
E11OSAD86E;typeServiceID;6764
E11OSAD86E;userMAJ;8600
E11QLIM17N;chCode;9185
E11QLIM17N;dateMaj;6408
E11QLIM17N;exMillesime;9268
E11QLIM17N;quotaLettreId;9234
E11QLIM17N;trimestreId;5538
E11QLIM17N;userMaj;7519
E12ANDE35N;ACCOMPTE;8225
E12ANDE35N;acteJuridiqueID;7261
E12ANDE35N;annulationDefinitive;6144
E12ANDE35N;arCode;9707
E12ANDE35N;avecMemoireDepense;5916
E12ANDE35N;benefAgent;8885
E12ANDE35N;benefChapitre;5287
E12ANDE35N;benefCode;7467
E12ANDE35N;benefContribuable;9183
E12ANDE35N;benefDescription;6071
E12ANDE35N;benefDesignation;5490
E12ANDE35N;benefStructure;6777
E12ANDE35N;chCode;6523
E12ANDE35N;contribuableRibId;5869
E12ANDE35N;dateAnnulation;5415
E12ANDE35N;dateMaj;9186
E12ANDE35N;dateSignature;9311
E12ANDE35N;dateValidation;9915
E12ANDE35N;decisionID;5052
E12ANDE35N;decisionIdDuplication;6841
E12ANDE35N;decisionSaisi;6467
E12ANDE35N;duplicationId;5313
E12ANDE35N;etat;7337
E12ANDE35N;exMillesime;5546
E12ANDE35N;fsCode;8080
E12ANDE35N;HT;6294
E12ANDE35N;imputation;9312
E12ANDE35N;libelleAuProfitDe;7303
E12ANDE35N;libelleAutorisation;9552
E12ANDE35N;ligneId;9432
E12ANDE35N;ligneIdActeJuridique;5449
E12ANDE35N;matriculeOrdo;6984
E12ANDE35N;modeleID;7925
E12ANDE35N;montantAutEngag;9594
E12ANDE35N;motif;6801
E12ANDE35N;NAP;9197
E12ANDE35N;numCertificat;5294
E12ANDE35N;numCompte;7820
E12ANDE35N;numCourrier;6331
E12ANDE35N;numRIB;5182
E12ANDE35N;objet;9632
E12ANDE35N;paExecutionId;9194
E12ANDE35N;PENALITE;5715
E12ANDE35N;PRECOMPTESURLOYER;7565
E12ANDE35N;reference;9097
E12ANDE35N;responsableId;8930
E12ANDE35N;RG;6318
E12ANDE35N;sansMemoireDepenseAvecTaxe;6173
E12ANDE35N;sansMemoireDepenseSansTaxe;8336
E12ANDE35N;TAXE;7536
E12ANDE35N;texteAmpliation;6674
E12ANDE35N;texteArticle;9510
E12ANDE35N;texteVu;9595
E12ANDE35N;titreSignataire;8865
E12ANDE35N;typeDepense;5634
E12ANDE35N;typeProcedure;7565
E12ANDE35N;typeTaxeId;6685
E12ANDE35N;userAnnulation;5860
E12ANDE35N;userMaj;6054
E12ANDE35N;userValidation;5898
E12BORR32T;bnCodeBeneficiaire;5858
E12BORR32T;bnMontantTTC;9280
E12BORR32T;bnNumBon;8690
E12BORR32T;bnObjet;9449
E12BORR32T;bonOrdonnancementID;8230
E12BORR32T;chCode;5817
E12BORR32T;exMillesime;9937
E12BORR32T;numBordereau;7129
E12BORR32T;receptionRejetId;9395
E12BORR32T;tmAgentLiaison;6861
E12BORR32T;tmDateMAJ;5339
E12BORR32T;tmDateTransmission;7249
E12BORR32T;tmLibelleBordereau;7036
E12BORR32T;tmLieuTransmission;6215
E12BORR32T;tmMotifRejet;5539
E12BORR32T;tmNumBordereau;8906
E12BORR32T;tmOdDate;5133
E12BORR32T;tmOdMontant;9680
E12BORR32T;tmServiceDestinataire;6356
E12BORR32T;tmServiceSource;8012
E12BORR32T;tmTypeTransmission;7359
E12BORR32T;tmUserMAJ;7643
E12COFI53R;abbreviationFR;6675
E12COFI53R;abbreviationUS;5707
E12COFI53R;code;7405
E12COFI53R;codeAT;6673
E12COFI53R;codeControle;5291
E12COFI53R;codeDepartement;7677
E12COFI53R;codeLocalite;9418
E12COFI53R;codeRegion;6263
E12COFI53R;controleFinancierID;5173
E12COFI53R;dateMaj;9655
E12COFI53R;libelleFR;8485
E12COFI53R;libelleUS;9420
E12COFI53R;typeControle;9598
E12COFI53R;userMaj;5349
E12COMA98E;abbreviationAnglais;6678
E12COMA98E;abbreviationFrancais;7236
E12COMA98E;commissionId;7454
E12COMA98E;dateMaj;5577
E12COMA98E;exMillesime;9585
E12COMA98E;libelleAnglais;6764
E12COMA98E;libelleFrancais;7612
E12COMA98E;userMaj;6858
E12ITMA99E;dateMaj;7045
E12ITMA99E;immoGenreId;5548
E12ITMA99E;immoTypeMarqueId;7208
E12ITMA99E;libelleFr;5972
E12ITMA99E;libelleUs;7259
E12ITMA99E;userMaj;8741
E12PREC43E;beneficiaireCode;5728
E12PREC43E;beneficiaireNom;7916
E12PREC43E;dateDelai;8796
E12PREC43E;dateMAJ;7001
E12PREC43E;exMillesime;9713
E12PREC43E;isPermanent;6760
E12PREC43E;montant;5399
E12PREC43E;motifs;8686
E12PREC43E;precompteID;7416
E12PREC43E;userMAJ;5387
E13CUPT49T;chcode;8454
E13CUPT49T;dateMaj;6245
E13CUPT49T;designationFr;5756
E13CUPT49T;exMillesime;5249
E13CUPT49T;posteTraitementId;7782
E13CUPT49T;userMaj;5709
E13CUPT49T;userPosteTraitement;9276
E13CUPT49T;userPosteTraitementId;6648
E13IMMO93N;administrationCentrale;6341
E13IMMO93N;arrondissementID;8810
E13IMMO93N;chCode;5557
E13IMMO93N;codeImmo;9307
E13IMMO93N;communeID;7281
E13IMMO93N;dateAcquisitionImmo;8157
E13IMMO93N;dateMaj;7737
E13IMMO93N;departementID;6705
E13IMMO93N;exMillesime;8650
E13IMMO93N;factureLigneId;6827
E13IMMO93N;fonctionMaterielRoulant;9665
E13IMMO93N;genreMaterielRoulant;5828
E13IMMO93N;groupementID;9086
E13IMMO93N;immobilisationID;6774
E13IMMO93N;imputationBudgetaire;9144
E13IMMO93N;imputationComptable;6576
E13IMMO93N;lieuDit;9998
E13IMMO93N;marqueMaterielRoulant;9662
E13IMMO93N;materiauxUtilise;7246
E13IMMO93N;natureMaterielRoulant;8340
E13IMMO93N;nbreAnneeAmortissement;8053
E13IMMO93N;nbreEtage;7749
E13IMMO93N;nomDuBatiment;9574
E13IMMO93N;numChassis;9120
E13IMMO93N;numOrdreCh;6687
E13IMMO93N;paysID;5441
E13IMMO93N;prixAcquisitionImmo;7237
E13IMMO93N;puissanceMaterielRoullant;9903
E13IMMO93N;pvReceptionID;8494
E13IMMO93N;refMercuriale;5859
E13IMMO93N;regionID;5035
E13IMMO93N;rue;7393
E13IMMO93N;superficieBatiment;9112
E13IMMO93N;superficieTerrain;7757
E13IMMO93N;typeImmobilisationID;7041
E13IMMO93N;typeMaterielRoulant;5296
E13IMMO93N;typeOperationImmo;7978
E13IMMO93N;userMaj;5611
E13IMMO93N;villageID;5880
E13IMMO93N;zoneUrbanisme;8298
E14CACA22D;caisseAvClotureAccordId;7548
E14CACA22D;caisseAvId;6269
E14CACA22D;dateAccord;8467
E14CACA22D;numCaisse;6245
E14CACA22D;siAccord;9219
E14CACA22D;userAccord;8193
E14OBRE11E;acId;6937
E14OBRE11E;ajustementAE;5460
E14OBRE11E;ajustementCP;5744
E14OBRE11E;arCode;9374
E14OBRE11E;atId;5161
E14OBRE11E;chCode;9650
E14OBRE11E;dateApplication;7315
E14OBRE11E;dateMaj;7232
E14OBRE11E;description;9133
E14OBRE11E;exclureABS;6138
E14OBRE11E;exclureDelegue;5305
E14OBRE11E;exMillesime;9285
E14OBRE11E;forcerApplication;6698
E14OBRE11E;isPrelevement;9872
E14OBRE11E;isPrelevementGroupe;7780
E14OBRE11E;neCode;6247
E14OBRE11E;ordonnanceId;8057
E14OBRE11E;pgId;9205
E14OBRE11E;pourcentAE;5233
E14OBRE11E;pourcentCP;5250
E14OBRE11E;regleId;6469
E14OBRE11E;taId;5514
E14OBRE11E;userMaj;6813
E14OPPI87S;dateMaj;7952
E14OPPI87S;pieceId;5940
E14OPPI87S;reference;5295
E14OPPI87S;titre;7086
E14OPPI87S;userMaj;8369
E14VIET58T;code;9511
E14VIET58T;dateMaj;5232
E14VIET58T;etatID;9235
E14VIET58T;libelleFR;9826
E14VIET58T;libelleUS;5495
E14VIET58T;userMaj;9533
E15ANBC31A;acId;9120
E15ANBC31A;acteJuridiqueId;8621
E15ANBC31A;annulationDefinitive;9565
E15ANBC31A;arCode;5837
E15ANBC31A;atId;6037
E15ANBC31A;bcaEnteteId;8128
E15ANBC31A;bcaId;7483
E15ANBC31A;chCode;5465
E15ANBC31A;contribuableId;6720
E15ANBC31A;dateAnnulation;7799
E15ANBC31A;dateDeSignature;8229
E15ANBC31A;dateMAJ;7048
E15ANBC31A;dateRejet;5308
E15ANBC31A;dateValidation;7004
E15ANBC31A;delaiDeLivraison;5730
E15ANBC31A;exMillesime;7351
E15ANBC31A;lieuDeSignature;8207
E15ANBC31A;ligneId;6419
E15ANBC31A;ligneIdActeJuridique;9401
E15ANBC31A;matriculeOrdonnateur;5827
E15ANBC31A;matriculeValidation;6994
E15ANBC31A;montantHT;5552
E15ANBC31A;montantIR;9965
E15ANBC31A;montantNAP;5371
E15ANBC31A;montantTSR;7013
E15ANBC31A;montantTTC;9130
E15ANBC31A;montantTVA;8492
E15ANBC31A;motif;5279
E15ANBC31A;motifRejet;6498
E15ANBC31A;neCode;5469
E15ANBC31A;numBonCommande;6242
E15ANBC31A;numCertificat;6181
E15ANBC31A;numContribuable;7217
E15ANBC31A;numDossier;9278
E15ANBC31A;numFicheBesoin;7355
E15ANBC31A;numImputation;5462
E15ANBC31A;numOrdre;6410
E15ANBC31A;numRIB;6140
E15ANBC31A;objet;7097
E15ANBC31A;paExecutionId;7353
E15ANBC31A;pgId;8458
E15ANBC31A;raisonSociale;7029
E15ANBC31A;reference;7505
E15ANBC31A;rejete;6011
E15ANBC31A;taId;8572
E15ANBC31A;tauxIR;9555
E15ANBC31A;tauxTSR;6260
E15ANBC31A;tauxTVA;5489
E15ANBC31A;userAnnulation;7437
E15ANBC31A;userMAJ;7774
E15ANBC31A;userRejet;8523
E15ANBC31A;userValidation;9445
E15ANBC31A;valide;7468
E15BAEX35N;accompagnant;9696
E15BAEX35N;ACCOMPTE;7238
E15BAEX35N;acId;7805
E15BAEX35N;acteJuridiqueID;5456
E15BAEX35N;acteJuridiqueTypeID;5978
E15BAEX35N;agAffectation;5740
E15BAEX35N;agFonction;7237
E15BAEX35N;agGrade;5886
E15BAEX35N;agMatricule;6657
E15BAEX35N;agMatriculeAccord;8366
E15BAEX35N;agService;7301
E15BAEX35N;agSituationMat;9133
E15BAEX35N;annuel;7518
E15BAEX35N;arCode;5139
E15BAEX35N;atId;9663
E15BAEX35N;AUTREGlobal;6039
E15BAEX35N;avanceAdeduireReglement;8442
E15BAEX35N;avecMemoireDepense;8829
E15BAEX35N;bcaEnteteId;9093
E15BAEX35N;bcaId;6847
E15BAEX35N;benefAgent;5093
E15BAEX35N;benefChapitre;9329
E15BAEX35N;benefCode;8216
E15BAEX35N;benefContribuable;7425
E15BAEX35N;benefDescription;5358
E15BAEX35N;benefDesignation;6210
E15BAEX35N;benefStructure;5539
E15BAEX35N;caisseAvID;7721
E15BAEX35N;caisseAvIdOrigine;9006
E15BAEX35N;certificatId;8728
E15BAEX35N;chCode;8348
E15BAEX35N;CodeNatCA;7058
E15BAEX35N;contribuableId;8237
E15BAEX35N;contribuableRibId;8571
E15BAEX35N;courrierDossierId;8206
E15BAEX35N;dateAccord;7476
E15BAEX35N;dateDepart;5971
E15BAEX35N;dateDeSignature;5959
E15BAEX35N;dateMaj;7732
E15BAEX35N;dateReglement;9637
E15BAEX35N;dateRetour;5280
E15BAEX35N;dateSignature;5895
E15BAEX35N;decisionID;7460
E15BAEX35N;decisionSaisi;7536
E15BAEX35N;decompteFinalReglement;8595
E15BAEX35N;delaiDeLivraison;5467
E15BAEX35N;depart;8464
E15BAEX35N;description;8551
E15BAEX35N;destination;7353
E15BAEX35N;Encaisse;9165
E15BAEX35N;Etape;8520
E15BAEX35N;etat;9329
E15BAEX35N;exMillesime;9051
E15BAEX35N;fsCode;5746
E15BAEX35N;HT;8352
E15BAEX35N;HTGlobal;6211
E15BAEX35N;imputation;5444
E15BAEX35N;ir;5090
E15BAEX35N;IRGlobal;8951
E15BAEX35N;IRNCGlobal;8336
E15BAEX35N;IRPPGlobal;6378
E15BAEX35N;isExterieur;5820
E15BAEX35N;libelleAuProfitDe;6472
E15BAEX35N;libelleAutorisation;6407
E15BAEX35N;lieuDeSignature;6022
E15BAEX35N;lieuExecution;7623
E15BAEX35N;lieuReglement;7569
E15BAEX35N;lieuSignature;9002
E15BAEX35N;matriculeCom;6502
E15BAEX35N;matriculeGest;8870
E15BAEX35N;matriculeOrdo;7363
E15BAEX35N;matriculeOrdonnateur;6355
E15BAEX35N;matriculeOrdoNom;6679
E15BAEX35N;matriculeOrdoPrenom;6320
E15BAEX35N;matriculeReg;9866
E15BAEX35N;Millesime;7717
E15BAEX35N;missionBaremeIDReglement;9250
E15BAEX35N;missionID;5973
E15BAEX35N;missionZoneID;9908
E15BAEX35N;Mode;8335
E15BAEX35N;modeleID;8956
E15BAEX35N;montantAutEngag;6598
E15BAEX35N;montantHT;8318
E15BAEX35N;montantIR;6422
E15BAEX35N;montantTSR;7729
E15BAEX35N;montantTTC;7538
E15BAEX35N;montantTVA;8346
E15BAEX35N;motifEtReference;9156
E15BAEX35N;motifMission;7280
E15BAEX35N;moyenDeTransport;9051
E15BAEX35N;moyenTransportAcc;6248
E15BAEX35N;NAP;6262
E15BAEX35N;NAPGlobal;9024
E15BAEX35N;nbreJourReglement;9400
E15BAEX35N;neCode;7561
E15BAEX35N;NoAvenant;8340
E15BAEX35N;NoCaisse;5502
E15BAEX35N;numAccord;7783
E15BAEX35N;numBonCommande;5467
E15BAEX35N;numCompte;7260
E15BAEX35N;numCourrier;6536
E15BAEX35N;numDossier;7136
E15BAEX35N;numeroCollectif;8577
E15BAEX35N;numeroMission;8466
E15BAEX35N;numFicheBesoin;7702
E15BAEX35N;numImputation;8609
E15BAEX35N;NumImputTech;7382
E15BAEX35N;NumLettre;9263
E15BAEX35N;numordre;9710
E15BAEX35N;numRIB;9796
E15BAEX35N;objet;7824
E15BAEX35N;paExecutionId;6905
E15BAEX35N;passantPar;8483
E15BAEX35N;PENALITE;9541
E15BAEX35N;pgId;9953
E15BAEX35N;PRECOMPTESURLOYER;8851
E15BAEX35N;prestationID;5792
E15BAEX35N;QRCode;9722
E15BAEX35N;reference;9613
E15BAEX35N;responsableId;8170
E15BAEX35N;resteApayerReglement;5910
E15BAEX35N;RG;7475
E15BAEX35N;rgNumBon;9755
E15BAEX35N;rgNumBonRetenu;6787
E15BAEX35N;rgNumBonTaxe;9280
E15BAEX35N;sansMemoireDepenseAvecTaxe;9173
E15BAEX35N;sansMemoireDepenseSansTaxe;6987
E15BAEX35N;siAvance;8509
E15BAEX35N;siExterieur;8607
E15BAEX35N;siGestEgalReg;6341
E15BAEX35N;signataire;5997
E15BAEX35N;signataireFonction;9399
E15BAEX35N;signataireFonctionReglement;6287
E15BAEX35N;signataireGrade;5549
E15BAEX35N;signataireMatricule;9953
E15BAEX35N;signataireMatriculeReglement;8565
E15BAEX35N;signataireNom;9741
E15BAEX35N;signataireNomReglement;8109
E15BAEX35N;signatairePrenom;9406
E15BAEX35N;sousTotalReglement;6632
E15BAEX35N;taId;9918
E15BAEX35N;tauxIR;9899
E15BAEX35N;tauxReglement;6286
E15BAEX35N;tauxTSR;9741
E15BAEX35N;tauxTVA;7927
E15BAEX35N;TAXE;9947
E15BAEX35N;texteAmpliation;9865
E15BAEX35N;texteArticle;7780
E15BAEX35N;texteVu;9888
E15BAEX35N;titreSignataire;8699
E15BAEX35N;totalReglement;8402
E15BAEX35N;trimestreId;9217
E15BAEX35N;tsr;7286
E15BAEX35N;TSRGlobal;8944
E15BAEX35N;tva;6013
E15BAEX35N;TVAGlobal;6509
E15BAEX35N;typeAccord;5355
E15BAEX35N;typeDepense;8668
E15BAEX35N;typeDeplacement;8337
E15BAEX35N;typePrestation;7743
E15BAEX35N;typeProcedure;5393
E15BAEX35N;typeTaxeId;5433
E15BAEX35N;userAccord;7249
E15BAEX35N;userMaj;5121
E15BAEX35N;Volume;5054
E15BAEX35N;VolumeAvenant;9128
E15BRAV03S;bonRGAvisId;5291
E15BRAV03S;bonRGId;8023
E15BRAV03S;dateMaj;8583
E15BRAV03S;userMaj;9695
E15CMAC39T;caisseAvMandatApurementConstatId;5939
E15CMAC39T;caisseAvMandatApurementNatureId;9643
E15CMAC39T;caisseAvMandatId;8851
E15CMAC39T;dateMAJ;8002
E15CMAC39T;montant;5274
E15CMAC39T;objet;8000
E15CMAC39T;userMAJ;9691
E15CMAP35S;pieceID;6228
E15CMAP35S;pjContenu;5988
E15CMAP35S;pjNumOrdre;7905
E15CMAP35S;pjTitreES;5857
E15CMAP35S;pjTitreFR;9851
E15CMAP35S;pjTitreUS;5203
E15CMAP35S;pjTypeZone;6557
E15CMPR13T;caisseAvMandatId;8112
E15CMPR13T;caisseAvMandatPrintId;5231
E15CMPR13T;datePrint;9607
E15CMPR13T;numeroMandat;8374
E15CMPR13T;userPrint;6338
E15OBDE64L;ajustementAE;5224
E15OBDE64L;ajustementCP;7376
E15OBDE64L;dateApplication;9956
E15OBDE64L;dateMaj;5621
E15OBDE64L;detailId;6279
E15OBDE64L;ordonnanceId;8129
E15OBDE64L;paExecutionId;8786
E15OBDE64L;regleId;9543
E15OBDE64L;userMaj;8175
E15OSAP41E;dateMaj;8259
E15OSAP41E;dateValidation;7783
E15OSAP41E;exMillesime;9639
E15OSAP41E;observation;6377
E15OSAP41E;operateurValidation;8097
E15OSAP41E;oppositionMoisId;8545
E15OSAP41E;precompte;7262
E15OSAP41E;referenceMandat;9096
E15OSAP41E;saisieArretId;8751
E15OSAP41E;saisieArretPrecompteId;6768
E15OSAP41E;userMaj;7401
E15OSAP41E;valide;9843
E16ABLI39S;acteJuridiqueID;6312
E16ABLI39S;annulationDefinitive;9837
E16ABLI39S;bonLiquidationID;5441
E16ABLI39S;chCode;8066
E16ABLI39S;dateAnnulation;8195
E16ABLI39S;exMillesime;7299
E16ABLI39S;factureId;6262
E16ABLI39S;liBeneficiaireCode;5687
E16ABLI39S;liBeneficiaireId;7693
E16ABLI39S;liBeneficiaireNom;6136
E16ABLI39S;liDateDeConstatation;8493
E16ABLI39S;liDateMAJ;9231
E16ABLI39S;liDateValidation;5767
E16ABLI39S;liDecisionCertification;7708
E16ABLI39S;liDecisionCertificationObs;8240
E16ABLI39S;liDecisionCFS;7790
E16ABLI39S;liDecisionObservationCFS;6349
E16ABLI39S;liEtat;6023
E16ABLI39S;ligneId;6093
E16ABLI39S;liMontantAutorise;5889
E16ABLI39S;liMontantLiquider;6787
E16ABLI39S;liMontantLiquiderEnLettre;8872
E16ABLI39S;liNomAgenceBanque;9531
E16ABLI39S;liNomBanque;5240
E16ABLI39S;liNumCpteBanque;7178
E16ABLI39S;liNumOrdre;7192
E16ABLI39S;liResponsableConstatation;6011
E16ABLI39S;liResponsableValidation;6240
E16ABLI39S;liUserMAJ;5604
E16ABLI39S;liValidation;8701
E16ABLI39S;motif;8620
E16ABLI39S;numBon;6069
E16ABLI39S;numBonCP;8516
E16ABLI39S;referenceFacture;9702
E16ABLI39S;trimestreId;7513
E16ABLI39S;userAnnulation;5220
E16ACTR96N;bcaId;8163
E16ACTR96N;bonOrdonnancementID;8500
E16ACTR96N;chCode;5161
E16ACTR96N;exMillesime;5625
E16ACTR96N;ligneId;7678
E16ACTR96N;ligneIdActeJuridique;7751
E16ACTR96N;montantTTC;9468
E16ACTR96N;motifRejet;7134
E16ACTR96N;numBon;6406
E16ACTR96N;numBonCommande;9060
E16ACTR96N;numBonCP;7502
E16ACTR96N;numBordereau;7407
E16ACTR96N;tmAgentLiaison;5905
E16ACTR96N;tmDateMAJ;5435
E16ACTR96N;tmDateTransmission;6126
E16ACTR96N;tmLibelleBordereau;5961
E16ACTR96N;tmLieuTransmission;8333
E16ACTR96N;tmNumBordereau;6622
E16ACTR96N;tmServiceDestinataire;6499
E16ACTR96N;tmServiceSource;9806
E16ACTR96N;tmTypeTransmission;8279
E16ACTR96N;tmUserMAJ;9323
E16ACTR96N;transmissionId;6033
E16AZEX88N;arCode;7535
E16AZEX88N;dateMaj;9939
E16AZEX88N;departementExecId;9641
E16AZEX88N;userMaj;8415
E16CAAC97E;caisseAvActeId;9405
E16CAAC97E;caisseAvId;9805
E16CAAC97E;DateActe;7587
E16CAAC97E;DateMAJ;5524
E16CAAC97E;DateSign;5847
E16CAAC97E;edite;6043
E16CAAC97E;MaxIndem;8234
E16CAAC97E;modeleID;9909
E16CAAC97E;NoActe;5214
E16CAAC97E;Objet;9671
E16CAAC97E;Signataire;6209
E16CAAC97E;TauxIndem;5124
E16CAAC97E;TypeActe;7749
E16CAAC97E;UserMAJ;8705
E16CAAC97E;Version;5084
E16CLMA82E;arretVisa;6519
E16CLMA82E;dateMaj;8371
E16CLMA82E;exMillesime;5061
E16CLMA82E;msgVisa;9965
E16CLMA82E;userMaj;8996
E16CLMA82E;xxArretVisa;5013
E16OFAD68E;code;7030
E16OFAD68E;dateCreation;6415
E16OFAD68E;dateMAJ;9558
E16OFAD68E;descriptionEn;7972
E16OFAD68E;descriptionFr;8514
E16OFAD68E;fonctionAdministrativeID;8292
E16OFAD68E;libelleEn;8601
E16OFAD68E;libelleFr;5873
E16OFAD68E;matriculeResponsable;8820
E16OFAD68E;organigrammeID;6299
E16OFAD68E;organisationID;9369
E16OFAD68E;referenceCreation;8641
E16OFAD68E;structureAdministrativeID;9655
E16OFAD68E;uniteAdministrativeID;5113
E16OFAD68E;userMAJ;6003
E16OFPP35E;arriereInitial;8496
E16OFPP35E;dateMaj;9233
E16OFPP35E;dateValidation;8333
E16OFPP35E;exMillesime;6669
E16OFPP35E;fichePensionId;6358
E16OFPP35E;fichePensionPrecompteId;6904
E16OFPP35E;mesualiteArriere;8743
E16OFPP35E;observation;6528
E16OFPP35E;operateurValidation;9403
E16OFPP35E;oppositionMoisId;8343
E16OFPP35E;precompte;8523
E16OFPP35E;referenceMandat;8501
E16OFPP35E;resteARecouvrir;7766
E16OFPP35E;userMaj;8882
E16OFPP35E;valide;7102
E17CODO54R;beneficiaire;9999
E17CODO54R;chCode;7709
E17CODO54R;cloture;7369
E17CODO54R;codeService;5777
E17CODO54R;courrierDossierId;8948
E17CODO54R;courrierDossierTypeId;9542
E17CODO54R;dateEnregistrement;8707
E17CODO54R;dateMaj;8974
E17CODO54R;dateSignature;7157
E17CODO54R;dejaEngage;9565
E17CODO54R;etatDossier;9274
E17CODO54R;exMillesime;7883
E17CODO54R;imputation;7822
E17CODO54R;isDelete;7233
E17CODO54R;montant;9720
E17CODO54R;numBon;7021
E17CODO54R;numDossier;6364
E17CODO54R;objet;8661
E17CODO54R;operateurSaisie;9680
E17CODO54R;posteTraitementDetenteur;8454
E17CODO54R;posteTraitementId;7143
E17CODO54R;proprietaire;7807
E17CODO54R;reference;7979
E17CODO54R;signataire;5446
E17CODO54R;typeProcedure;6065
E17CODO54R;userDestinataire;8797
E17CODO54R;userMaj;8827
E17CORE66T;courrierRejetID;7674
E17CORE66T;dateMaj;7343
E17CORE66T;isRelance;7902
E17CORE66T;numDossier;7810
E17CORE66T;observation;7422
E17CORE66T;posteTraitementDetenteurId;6229
E17CORE66T;posteTraitementId;6559
E17CORE66T;userMaj;8561
E17CORE66T;userRejet;5929
E17CORE66T;userRelance;7061
E17DDDE16L;benefAgent;8471
E17DDDE16L;benefChapitre;5801
E17DDDE16L;benefCode;6192
E17DDDE16L;benefContribuable;9857
E17DDDE16L;benefDesignation;9122
E17DDDE16L;beneficiaireId;5728
E17DDDE16L;benefStructure;7452
E17DDDE16L;dateMaj;5896
E17DDDE16L;duplicationId;9289
E17DDDE16L;imputation;8101
E17DDDE16L;libelleAuProfitDe;5726
E17DDDE16L;ligneId;9145
E17DDDE16L;montant;7942
E17DDDE16L;objet;6632
E17DDDE16L;paExecutionId;6251
E17DDDE16L;userMaj;7034
E17OCIN18T;codeBenef;9713
E17OCIN18T;contribuableIndelicatId;9267
E17OCIN18T;dateMaj;6777
E17OCIN18T;exMillesime;5973
E17OCIN18T;montantTotal;9399
E17OCIN18T;motif;9778
E17OCIN18T;nomBenef;8607
E17OCIN18T;numContribuable;7666
E17OCIN18T;precompter;8467
E17OCIN18T;precompteTotal;7564
E17OCIN18T;raisonSociale;9152
E17OCIN18T;restARecouvir;8350
E17OCIN18T;typeBenef;6118
E17OCIN18T;userMaj;5998
E17OROR03N;code;7223
E17OROR03N;dateMAJ;5351
E17OROR03N;libelleEn;5123
E17OROR03N;libelleFr;7163
E17OROR03N;organigrammeID;6244
E17OROR03N;organisationID;8004
E17OROR03N;userMAJ;6890
E17QGOR81R;chCode;8263
E17QGOR81R;dateMaj;6720
E17QGOR81R;exMillesime;9067
E17QGOR81R;matriculeOrdonnateur;9147
E17QGOR81R;quotaActifAD;7108
E17QGOR81R;quotaActifBIP;9888
E17QGOR81R;quotaActifBS;5779
E17QGOR81R;quotaActifBSTitre4;7762
E17QGOR81R;quotaChapitreId;9085
E17QGOR81R;quotaOrdonnateurId;7873
E17QGOR81R;trimestreId;5930
E17QGOR81R;userMaj;7721
E17QGOR81R;volumeAD;9030
E17QGOR81R;volumeBIP;5685
E17QGOR81R;volumeBS;9688
E17QGOR81R;volumeBSTitre4;8581
E17RESU26I;dateDebut;8192
E17RESU26I;dateFin;8468
E17RESU26I;dateOperationFtp;6106
E17RESU26I;description;5176
E17RESU26I;fileName;8767
E17RESU26I;remonteId;9516
E17RESU26I;serveurDest;9238
E17RESU26I;serveurSource;8774
E17RESU26I;typeOperation;8522
E17RESU26I;userMaj;6813
E18AGHA20E;agentHabiliteId;6652
E18AGHA20E;agMatricule;7000
E18AGHA20E;controleId;5355
E18AGHA20E;dateMaj;7024
E18AGHA20E;exMillesime;7915
E18AGHA20E;type;5620
E18AGHA20E;userMaj;7671
E18AJPI49S;acteJuridiqueID;8373
E18AJPI49S;acteJuridiquePieceID;8487
E18AJPI49S;contenu;6896
E18AJPI49S;dateMaj;8973
E18AJPI49S;numeroOrdre;9400
E18AJPI49S;titreES;8001
E18AJPI49S;titreFR;9504
E18AJPI49S;titreUS;6939
E18AJPI49S;userMaj;9379
E18BPCR71T;dateMaj;7017
E18BPCR71T;importationID;6654
E18BPCR71T;nbLignes;7845
E18BPCR71T;nomFichier;6325
E18BPCR71T;typeFichier;8305
E18BPCR71T;userMaj;7898
E18DEAR41E;articleID;7446
E18DEAR41E;dateMaj;7659
E18DEAR41E;decisionID;9527
E18DEAR41E;intitule;8713
E18DEAR41E;numOrdre;5243
E18DEAR41E;texte;8429
E18DEAR41E;userMaj;5567
E18PMAN72N;acteJuridiqueId;6905
E18PMAN72N;blocage;8267
E18PMAN72N;creditAE;8297
E18PMAN72N;creditCP;7713
E18PMAN72N;dateMaj;8835
E18PMAN72N;dateOperation;8817
E18PMAN72N;debitAE;9677
E18PMAN72N;debitCP;8340
E18PMAN72N;delegue;8606
E18PMAN72N;description;6508
E18PMAN72N;dotationInitiale;5071
E18PMAN72N;exMillesime;8378
E18PMAN72N;idOperation;7767
E18PMAN72N;isVirement;7403
E18PMAN72N;ligneId;6116
E18PMAN72N;motif;5808
E18PMAN72N;paExecutionId;5836
E18PMAN72N;siRegie;5867
E18PMAN72N;sourceOperation;5004
E18PMAN72N;typeOperation;7378
E18PMAN72N;userMaj;9529
E19ADRE34N;ancienNumAutDep;8626
E19ADRE34N;aTraiter;8415
E19ADRE34N;dateApplication;5958
E19ADRE34N;dateGeneration;8245
E19ADRE34N;dateMaj;8511
E19ADRE34N;nouveauNumAutdep;9534
E19ADRE34N;paExecutionId;5690
E19ADRE34N;rowId;9272
E19ADRE34N;userMaj;5659
E19BRCR68R;dateMaj;6414
E19BRCR68R;importationID;7683
E19BRCR68R;lignID;6829
E19BRCR68R;motif;9808
E19BRCR68R;valeurLigne;5197
E19OSAR72T;adresseDuBeneficiaire;7578
E19OSAR72T;adresseDuSaisi;6574
E19OSAR72T;beneficiaireType;5158
E19OSAR72T;chCodeBeneficiaire;8854
E19OSAR72T;chCodeSaisi;9209
E19OSAR72T;dateDuJugement;7336
E19OSAR72T;dateMaj;6630
E19OSAR72T;exMillesime;5538
E19OSAR72T;huissier;9828
E19OSAR72T;matriculeDuBeneficiaire;7765
E19OSAR72T;matriculeDuSaisi;9122
E19OSAR72T;montant;9299
E19OSAR72T;nomDuBeneficiaire;8291
E19OSAR72T;nomDuSaisi;9215
E19OSAR72T;noteContenu;5081
E19OSAR72T;notePJ;9386
E19OSAR72T;numDuJugement;8154
E19OSAR72T;pcCode;6800
E19OSAR72T;pcLibelle;9465
E19OSAR72T;precompteTotal;9536
E19OSAR72T;referenceActe;9579
E19OSAR72T;saisieArretId;7974
E19OSAR72T;saisieType;6508
E19OSAR72T;tribunalDuJugement;8658
E19OSAR72T;userMaj;5631
E19OSAR72T;valide;5950
E19OSAR72T;villeDuJugement;5801
E19OTSE07E;dateMAJ;5240
E19OTSE07E;libelleEn;5522
E19OTSE07E;libelleFr;8426
E19OTSE07E;serviceCentral;9902
E19OTSE07E;type;5106
E19OTSE07E;typeServiceID;9093
E19OTSE07E;userMAJ;7757
E19TAAC27E;acteJuridiqueId;8721
E19TAAC27E;bnBeneficiaire;7236
E19TAAC27E;bnCodeBeneficiaire;6892
E19TAAC27E;bnDateSignatureBon;7532
E19TAAC27E;bnLibelleBeneficiaire;7282
E19TAAC27E;bnMontantTTC;6715
E19TAAC27E;bnNumBon;7732
E19TAAC27E;bnObjet;8543
E19TAAC27E;bnObservations;6666
E19TAAC27E;bnReference;8075
E19TAAC27E;bnStructureBeneficiaire;6575
E19TAAC27E;bnTypeEngagement;9009
E19TAAC27E;chCodeChapitre;8503
E19TAAC27E;exMillesime;5584
E19TAAC27E;faReferenceFacture;6863
E19TAAC27E;faTauxIR;8338
E19TAAC27E;faTauxTVA;8915
E19TAAC27E;imNumImput;5278
E19TAAC27E;montantAE;9732
E19TAAC27E;numBordereau;7516
E19TAAC27E;numCertificat;8351
E19TAAC27E;seCodeService;6161
E19TAAC27E;tmAgentLiaison;5313
E19TAAC27E;tmDateEnvoi;9841
E19TAAC27E;tmDateMAJ;5279
E19TAAC27E;tmDateTransmission;7330
E19TAAC27E;tmLieuTransmission;7532
E19TAAC27E;tmModeEchange;9312
E19TAAC27E;tmMotifAnnulation;8846
E19TAAC27E;tmNumBordereau;7639
E19TAAC27E;tmServiceDestinataire;8058
E19TAAC27E;tmServiceSource;5276
E19TAAC27E;tmTypeTransmission;9005
E19TAAC27E;tmUserMAJ;5972
E19TAAC27E;transmissionAnnulationId;5875
E19TAAC27E;trimestreId;5230
E19VIEX80N;dateMaj;6523
E19VIEX80N;destination;6839
E19VIEX80N;exceptionId;8338
E19VIEX80N;source;8902
E19VIEX80N;userMaj;8089
E19VIEX80N;virementId;5540
E20ABLP04S;annulationDefinitive;6416
E20ABLP04S;bonLiquidationID;9229
E20ABLP04S;bonLiquidationPieceID;5705
E20ABLP04S;ligneId;6983
E20ABLP04S;ligneIdLiquidation;6418
E20ABLP04S;motif;8785
E20ABLP04S;pieceID;5152
E20ABLP04S;pjContenu;6760
E20ABLP04S;pjDateMaj;9867
E20ABLP04S;pjMatriculeAgentConstat;8287
E20ABLP04S;pjNbreObservations;5201
E20ABLP04S;pjNumOrdre;7101
E20ABLP04S;pjObservations;6005
E20ABLP04S;pjTitreES;6331
E20ABLP04S;pjTitreFR;5578
E20ABLP04S;pjTitreUS;8601
E20ABLP04S;pjTypeZone;9743
E20ABLP04S;pjUserMaj;6876
E20BACT68N;bnNumBon;5093
E20BACT68N;bonANCadreID;6640
E20BACT68N;chCodeChapitre;8355
E20BACT68N;dateAnnulation;6459
E20BACT68N;exMillesime;6015
E20BACT68N;numBordereau;7121
E20BACT68N;objetAnnulation;8540
E20BACT68N;rangLiquidation;7610
E20BACT68N;tmAgentLiaison;7160
E20BACT68N;tmDateEnvoi;8654
E20BACT68N;tmDateMAJ;8446
E20BACT68N;tmDateTransmission;8189
E20BACT68N;tmLieuTransmission;7461
E20BACT68N;tmModeEchange;8253
E20BACT68N;tmNiveau;5120
E20BACT68N;tmNumBordereau;9571
E20BACT68N;tmServiceDestinataire;7720
E20BACT68N;tmServiceSource;7648
E20BACT68N;tmUserMAJ;9359
E20BACT68N;transmissionId;9623
E20IMFO19N;dateMaj;7061
E20IMFO19N;immoFonctionId;5137
E20IMFO19N;libelleFr;9785
E20IMFO19N;libelleUs;7447
E20IMFO19N;userMaj;8306
E20PARC95T;arCodeArticle;9313
E20PARC95T;deDepartementIDest;8643
E20PARC95T;exMillesime;8299
E20PARC95T;ligneId;9600
E20PARC95T;paDateMaj;5909
E20PARC95T;paUserMaj;7044
E20PARC95T;pcCodeRegion;8744
E20PRMO09E;beneficiaireCode;7374
E20PRMO09E;beneficiaireNom;7384
E20PRMO09E;dateMAJ;7993
E20PRMO09E;dateMoratoire;9759
E20PRMO09E;exMillesime;5143
E20PRMO09E;montant;5720
E20PRMO09E;motif;9115
E20PRMO09E;precompteID;8610
E20PRMO09E;precompteMoratoireID;7890
E20PRMO09E;signataire;5202
E20PRMO09E;userMAJ;6585
E20QCCO30N;chCode;5016
E20QCCO30N;consoAdp;8569
E20QCCO30N;consoBs;6194
E20QCCO30N;consoBsTitre4;9931
E20QCCO30N;exMillesime;9900
E20QCCO30N;ligneId;5616
E20QCCO30N;trimestreId;5420
E21ABOR70S;acteJuridiqueID;5349
E21ABOR70S;annulationDefinitive;9176
E21ABOR70S;bnNumBon;6951
E21ABOR70S;bonLiquidationID;6598
E21ABOR70S;bonOrdonnancementID;6249
E21ABOR70S;caisseAvMandatId;9183
E21ABOR70S;chCode;8908
E21ABOR70S;compteTresor;9049
E21ABOR70S;controleDocumentaireValide;5417
E21ABOR70S;controleDocumentaireValideDate;8222
E21ABOR70S;controleDocumentaireValideUser;6370
E21ABOR70S;controleTechniqueValide;8554
E21ABOR70S;controleTechniqueValideDate;7410
E21ABOR70S;controleTechniqueValideUser;6277
E21ABOR70S;dateAnnulation;7444
E21ABOR70S;dateExport;7754
E21ABOR70S;dateRejetCreance;5312
E21ABOR70S;dateValidationCreance;9426
E21ABOR70S;exMillesime;6903
E21ABOR70S;exporte;9933
E21ABOR70S;ligneId;9177
E21ABOR70S;ligneIdLiquidation;5907
E21ABOR70S;motif;6550
E21ABOR70S;motifRejetCreance;8033
E21ABOR70S;numBonCP;7965
E21ABOR70S;odBeneficiaire;7034
E21ABOR70S;odBeneficiaireRaisonSociale;6235
E21ABOR70S;odControleReg;6783
E21ABOR70S;odControleRegDate;9303
E21ABOR70S;odControleRegUser;8563
E21ABOR70S;odDate;6994
E21ABOR70S;odDateAnnul;6817
E21ABOR70S;odDateMAJ;5171
E21ABOR70S;odDateSignature;7555
E21ABOR70S;odEtat;6890
E21ABOR70S;odGestionnaire;7935
E21ABOR70S;odMontant;7805
E21ABOR70S;odMontantEnLettre;9479
E21ABOR70S;odMotifAnnul;8650
E21ABOR70S;odMotifRejet;5678
E21ABOR70S;odNomAgenceBanque;7528
E21ABOR70S;odNomBanque;6189
E21ABOR70S;odNumCpteBanque;9920
E21ABOR70S;odNumOrdre;6978
E21ABOR70S;odNumRIB;8211
E21ABOR70S;odObservations;7629
E21ABOR70S;odPaierie;7000
E21ABOR70S;odUserMAJ;5975
E21ABOR70S;posteTraitementReceptionID;5215
E21ABOR70S;posteTraitementReceptionTechniqueID;9498
E21ABOR70S;posteTraitementRejetID;8478
E21ABOR70S;posteTraitementRejetTechniqueID;8417
E21ABOR70S;printed;7959
E21ABOR70S;receptionPourControleRegBordereau;6051
E21ABOR70S;receptionPourPaierieBordereau;8007
E21ABOR70S;receptionRejetTechniqueDPNCas1;7880
E21ABOR70S;receptionRejetTechniqueDPNCas1Date;5939
E21ABOR70S;receptionRejetTechniqueDPNCas1User;5615
E21ABOR70S;receptionRejetTechniqueDPNCas2;6649
E21ABOR70S;receptionRejetTechniqueDPNCas2Date;5770
E21ABOR70S;receptionRejetTechniqueDPNCas2User;6694
E21ABOR70S;receptionRejetTechniqueDPS;9335
E21ABOR70S;receptionRejetTechniqueDPSDate;6658
E21ABOR70S;receptionRejetTechniqueDPSUser;9786
E21ABOR70S;referenceCreance;8345
E21ABOR70S;reliquatMission;7277
E21ABOR70S;respRejetCreance;5359
E21ABOR70S;respValidationCreance;9919
E21ABOR70S;ribTresor;6566
E21ABOR70S;tmReceptionPourPaierieAgent;9359
E21ABOR70S;tmReceptionPourPaierieDate;6111
E21ABOR70S;tmReceptionPourPaierieNumBordereau;9782
E21ABOR70S;tmReceptionPourPaierieObservations;5668
E21ABOR70S;tmReceptionPourPaierieStatut;6596
E21ABOR70S;tmReceptionPourPaierieUserMAJ;9099
E21ABOR70S;userAnnulation;7728
E21BORE71N;acId;9998
E21BORE71N;arCode;7166
E21BORE71N;bnNumBon;6435
E21BORE71N;chCode;5638
E21BORE71N;dateMaj;9119
E21BORE71N;exMillesime;7282
E21BORE71N;pcCode;5449
E21BORE71N;pcCodePoste;6172
E21BORE71N;pgId;8628
E21BORE71N;userMaj;5227
E21CDTY23E;chCode;8643
E21CDTY23E;code;9933
E21CDTY23E;courrierDossierTypeId;7268
E21CDTY23E;dateMaj;5002
E21CDTY23E;descriptionFr;5086
E21CDTY23E;descriptionUs;5201
E21CDTY23E;designationFr;8009
E21CDTY23E;designationUs;6337
E21CDTY23E;exMillesime;9639
E21CDTY23E;isDossierEngagement;6236
E21CDTY23E;userMaj;7861
E21CMCR74E;commissionId;9117
E21CMCR74E;description;9909
E21CMCR74E;ligneId;7904
E21CMCR74E;listeNature;6389
E21CMCR74E;numOrdre;7962
E21CMCR74E;volumeMax;6808
E21CMCR74E;volumeMin;8034
E21DEPO12E;acteJuridiqueID;5062
E21DEPO12E;arCode;6629
E21DEPO12E;benefCode;6342
E21DEPO12E;benefDesignation;8547
E21DEPO12E;benefPC;5022
E21DEPO12E;benefStructure;9801
E21DEPO12E;chCode;6540
E21DEPO12E;dateMaj;5536
E21DEPO12E;dateSignature;8355
E21DEPO12E;dateValidation;7177
E21DEPO12E;delegID;7526
E21DEPO12E;etat;5958
E21DEPO12E;exMillesime;5621
E21DEPO12E;fsCode;6439
E21DEPO12E;imputation;7554
E21DEPO12E;libelleAuProfitDe;9026
E21DEPO12E;libelleAutorisation;9536
E21DEPO12E;matriculeOrdo;6645
E21DEPO12E;modeleID;7997
E21DEPO12E;montantAutEngag;7198
E21DEPO12E;numCertificat;6349
E21DEPO12E;numCourrier;5157
E21DEPO12E;objet;9516
E21DEPO12E;paExecutionId;9925
E21DEPO12E;reference;5120
E21DEPO12E;responsableId;6079
E21DEPO12E;texteAmpliation;8927
E21DEPO12E;texteArticle;7768
E21DEPO12E;texteVu;5240
E21DEPO12E;titreSignataire;9859
E21DEPO12E;userMaj;7649
E21DEPO12E;userValidation;6231
E22BORG43G;bonRGId;7561
E22BORG43G;contribuableId;9656
E22BORG43G;dateEditionAvis;7061
E22BORG43G;dateMaj;6851
E22BORG43G;dateReception;7117
E22BORG43G;dateSignature;9335
E22BORG43G;dateTransmission;9872
E22BORG43G;etat;6635
E22BORG43G;justificatif;7331
E22BORG43G;matriculeOrdo;5501
E22BORG43G;montant;9623
E22BORG43G;numOrdre;5304
E22BORG43G;objet;7888
E22BORG43G;userEditionAvis;8649
E22BORG43G;userMaj;8851
E22BORG43G;userReception;9637
E22BORG43G;userTransmission;8539
E22BOTR04T;acCodeLRFE;7279
E22BOTR04T;bnCodePiece;9298
E22BOTR04T;bnNumBon;6966
E22BOTR04T;chCode;7264
E22BOTR04T;codeFour;8403
E22BOTR04T;datearrive;9301
E22BOTR04T;datedepart;5005
E22BOTR04T;dateTransmission;5827
E22BOTR04T;fsCode;5075
E22BOTR04T;ImputB;8427
E22BOTR04T;itineraire;9806
E22BOTR04T;marche;9579
E22BOTR04T;net;8284
E22BOTR04T;nomFour;8757
E22BOTR04T;numLigne;6790
E22BOTR04T;numTransmission;5905
E22BOTR04T;ordreMission;6050
E22BOTR04T;paCodeService;7566
E22BOTR04T;pgCodeLRFE;6645
E22BOTR04T;posteComptable;8450
E22BOTR04T;tauxfrais;8263
E22BOTR04T;taxe;7474
E22BOTR04T;typeMission;6055
E22BOTR04T;typeMission2;6568
E22CAEX52N;actif;5100
E22CAEX52N;caisseAvAvenantId;5874
E22CAEX52N;caisseAvId;8622
E22CAEX52N;regisseur;5301
E22CAEX52N;volumeCaisse;9394
E22CATA45X;caisseAvId;9244
E22CATA45X;caisseAvTauxId;5260
E22CATA45X;libelleTaux;8678
E22CATA45X;montant;6656
E22CATA45X;taux;5110
E22CATA45X;typeTaux;7026
E22COPA89S;chCode;5261
E22COPA89S;codeParcours;9241
E22COPA89S;courrierDossierTypeId;8379
E22COPA89S;courrierParcoursId;5566
E22COPA89S;dateMaj;8166
E22COPA89S;designationFr;9124
E22COPA89S;exMillesime;7536
E22COPA89S;userMaj;8944
E22PARC32L;arCodeArticleNew;5743
E22PARC32L;arCodeArticleOld;9138
E22PARC32L;exMillesime;8658
E22PARC32L;ligneId;6294
E22PARC32L;paDateMaj;5834
E22PARC32L;paExecutionId;7798
E22PARC32L;paUserMaj;8037
E22PARC32L;pcCodeNew;7334
E22PARC32L;pcCodeOld;8704
E22QUPA26E;chCode;7715
E22QUPA26E;dateMaj;9872
E22QUPA26E;exMillesime;8030
E22QUPA26E;matriculeOrdonnateur;6374
E22QUPA26E;paExecutionId;6287
E22QUPA26E;quota;5227
E22QUPA26E;quotaActif;5922
E22QUPA26E;quotaParagrapheId;9879
E22QUPA26E;trimestreId;9004
E22QUPA26E;userMaj;6329
E23BLDA16N;bonLiquidationID;5438
E23BLDA16N;chCode;5886
E23BLDA16N;dateAutorisation;8452
E23BLDA16N;dateDemande;8150
E23BLDA16N;exMillesime;8831
E23BLDA16N;motif;5916
E23BLDA16N;userAutorisation;8667
E23BLDA16N;userDemande;6594
E23BORE25T;bnNumBon;7518
E23BORE25T;codeBeneficiaire;7825
E23BORE25T;dateLiq;8360
E23BORE25T;dateMaj;7754
E23BORE25T;dateReglement;7182
E23BORE25T;imputation;8878
E23BORE25T;libelle1;5383
E23BORE25T;libelle2;5570
E23BORE25T;libelle3;9963
E23BORE25T;marche;5212
E23BORE25T;modePaie;6792
E23BORE25T;mtEngage;5316
E23BORE25T;mtLiquide;5792
E23BORE25T;mtReglement;8531
E23BORE25T;oper;8308
E23BORE25T;pcCodeExecution;8514
E23BORE25T;piece;8205
E23BORE25T;rang;6228
E23BORE25T;rangPaie;5306
E23BORE25T;regID;9312
E23BORE25T;rib;9367
E23BORE25T;userMaj;9803
E23BORE25T;verifie;6466
E23CAMA98T;apurementRejete;5357
E23CAMA98T;apurer;7856
E23CAMA98T;caisseAvEncaisseId;5769
E23CAMA98T;caisseAvId;7199
E23CAMA98T;caisseAvMandatId;7380
E23CAMA98T;chCode;5444
E23CAMA98T;chLibelleAnglais;6495
E23CAMA98T;chLibelleFrancais;9201
E23CAMA98T;dateApurement;6596
E23CAMA98T;dateMAJ;9380
E23CAMA98T;encaisseRestante;7330
E23CAMA98T;exercice;9501
E23CAMA98T;exMillesime;5166
E23CAMA98T;imputationTechnique;7963
E23CAMA98T;montantApurer;8639
E23CAMA98T;montantApurerEnLettre;5834
E23CAMA98T;montantAutEngag;9620
E23CAMA98T;montantEncaisse;6056
E23CAMA98T;montantEncaisseNAP;9153
E23CAMA98T;montantEncaisseRestante;5948
E23CAMA98T;motifRejetApurement;8917
E23CAMA98T;nbreEncaisse;7192
E23CAMA98T;NoCaisse;8920
E23CAMA98T;nombre;5868
E23CAMA98T;numBon;9289
E23CAMA98T;numBonCP;5737
E23CAMA98T;numCertificat;6427
E23CAMA98T;numeroEncaisse;5883
E23CAMA98T;numeroMandat;6125
E23CAMA98T;objet;7789
E23CAMA98T;ordonnateurMatricule;8852
E23CAMA98T;ordonnateurNom;8817
E23CAMA98T;regisseurMatricule;6617
E23CAMA98T;regisseurNom;7327
E23CAMA98T;serviceEmetteur;6292
E23CAMA98T;userApurement;9952
E23CAMA98T;userMAJ;8380
E23CAMA98T;Volume;9311
E23CAPV81E;caisseAvProcesVerbalDepenseId;5380
E23CAPV81E;caisseAvProcesVerbalId;8169
E23CAPV81E;code;6166
E23CAPV81E;libelle;7861
E23CAPV81E;montant;8390
E23CAPV81E;numOrdre;7123
E23CPTY54E;bienTypeID;5888
E23CPTY54E;code;5229
E23CPTY54E;dateMAJ;5056
E23CPTY54E;libelleEN;9422
E23CPTY54E;libelleFR;5753
E23CPTY54E;userMAJ;8604
E23DTBA71P;bonOrdonnancementID;9569
E23DTBA71P;chCode;6687
E23DTBA71P;decisionId;8479
E23DTBA71P;exMillesime;6012
E23DTBA71P;id;6582
E23DTBA71P;montant;5220
E23DTBA71P;motifRejet;5387
E23DTBA71P;numBon;8921
E23DTBA71P;numBonCP;5098
E23DTBA71P;numBordereau;5751
E23DTBA71P;reference;7725
E23DTBA71P;tmAgentLiaison;5858
E23DTBA71P;tmDateMAJ;7697
E23DTBA71P;tmDateTransmission;7358
E23DTBA71P;tmLibelleBordereau;6743
E23DTBA71P;tmLieuTransmission;7211
E23DTBA71P;tmNumBordereau;5864
E23DTBA71P;tmServiceDestinataire;6223
E23DTBA71P;tmServiceSource;6549
E23DTBA71P;tmTypeTransmission;7157
E23DTBA71P;tmUserMAJ;5375
E23DTBA71P;transmissionId;6814
E24CANA12E;CodeNatCA;8007
E24CANA12E;DateMAJ;8103
E24CANA12E;LibelleFr;6730
E24CANA12E;LibelleUs;6274
E24CANA12E;UserMAJ;6619
E24CANA12E;Version;9939
E24CARE94E;caisseAvAvenantActeId;8583
E24CARE94E;caisseAvAvenantId;6765
E24CARE94E;caisseAvAvenantRespId;7314
E24CARE94E;DateEffet;6408
E24CARE94E;DateFin;5226
E24CARE94E;DateMAJ;9520
E24CARE94E;Matricule;5197
E24CARE94E;Qualite;9421
E24CARE94E;UserMAJ;5959
E24CARE94E;Version;6458
E24CPPN63E;code;7425
E24CPPN63E;dateMAJ;5882
E24CPPN63E;libelleEN;7070
E24CPPN63E;libelleFR;5973
E24CPPN63E;proprietaireNatureID;8844
E24CPPN63E;userMAJ;5947
E24OBDE37P;ajustementAE;8597
E24OBDE37P;ajustementCP;6277
E24OBDE37P;dateApplication;6618
E24OBDE37P;dateMaj;6980
E24OBDE37P;detailId;5403
E24OBDE37P;exceptionId;9446
E24OBDE37P;ordonnanceId;6514
E24OBDE37P;paExecutionId;9661
E24OBDE37P;regleId;5933
E24OBDE37P;userMaj;8921
E24OCIP43E;contribuableIndelicatId;5385
E24OCIP43E;contribuableIndelicatPrecompteId;7228
E24OCIP43E;dateMaj;5218
E24OCIP43E;exMillesime;7224
E24OCIP43E;observation;6745
E24OCIP43E;oppositionMoisId;7494
E24OCIP43E;precompte;8858
E24OCIP43E;referenceMandat;5353
E24OCIP43E;userMaj;7288
E24OCIP43E;visa;8634
E24OPMA12T;adresseDuBeneficiaire;6029
E24OPMA12T;adresseDuSaisi;9990
E24OPMA12T;adresseServiceTresorEmetteur;6707
E24OPMA12T;codeDuSaisi;6207
E24OPMA12T;dateMaj;7283
E24OPMA12T;dateValidation;9534
E24OPMA12T;exMillesime;7489
E24OPMA12T;matriculeDuBeneficiaire;6678
E24OPMA12T;modeDeReglement;6516
E24OPMA12T;montantTotalDepense;9901
E24OPMA12T;motifAnnulationValidation;8776
E24OPMA12T;natureOperation;7440
E24OPMA12T;nomDuBeneficiaire;9572
E24OPMA12T;nomDuSaisi;8963
E24OPMA12T;nomServiceTresorEmetteur;6896
E24OPMA12T;numeroMandat;9613
E24OPMA12T;numOrdre;7232
E24OPMA12T;operateurValidation;9955
E24OPMA12T;oppositionId;6837
E24OPMA12T;pcCode;8315
E24OPMA12T;pcImputation;6519
E24OPMA12T;pcLibelle;6778
E24OPMA12T;periode;8161
E24OPMA12T;qrCode;8598
E24OPMA12T;referencePJ;7557
E24OPMA12T;refTypeOpposition;5149
E24OPMA12T;resteALiquider;9528
E24OPMA12T;ribDuBeneficiaire;7091
E24OPMA12T;saisieType;8430
E24OPMA12T;typeOpposition;9441
E24OPMA12T;typeOppositionId;5099
E24OPMA12T;userMaj;8394
E24OPMA12T;valide;8393
E24OPMA12T;visa;6244
E25CPBE78N;bienID;9544
E25CPBE78N;coutAcquisition;8631
E25CPBE78N;coutProduction;8160
E25CPBE78N;coutRemplacement;6794
E25CPBE78N;dateMAJ;8404
E25CPBE78N;dateVisite;7018
E25CPBE78N;descriptionPhysiqueTerrain;6016
E25CPBE78N;descriptionSommaireBatiment;8341
E25CPBE78N;empriseDuSol;6788
E25CPBE78N;etatEntretien;6048
E25CPBE78N;evaluationID;6690
E25CPBE78N;motifAbsence;9433
E25CPBE78N;superficieDuTerrain;6118
E25CPBE78N;superficieLocaux;9620
E25CPBE78N;urbanisme;8580
E25CPBE78N;userMAJ;9745
E25CPBE78N;valeurSymbolique;7073
E25CPTR09T;arCode;7625
E25CPTR09T;chCode;7325
E25CPTR09T;code;5209
E25CPTR09T;contact;6457
E25CPTR09T;courrierPosteTraitementId;5369
E25CPTR09T;dateMaj;5489
E25CPTR09T;designationFr;6453
E25CPTR09T;designationUs;8203
E25CPTR09T;enteteFr;8944
E25CPTR09T;enteteUs;8456
E25CPTR09T;exMillesime;8934
E25CPTR09T;porte;8192
E25CPTR09T;userMaj;8499
E25DESC47N;dateMaj;7467
E25DESC47N;decisionId;6475
E25DESC47N;image;9295
E25DESC47N;numPage;6026
E25DESC47N;pageId;5013
E25DESC47N;userMaj;7674
E25EXEX35T;code;9623
E25EXEX35T;dateMaj;9837
E25EXEX35T;exMillesime;5163
E25EXEX35T;id;7822
E25EXEX35T;userMaj;8045
E25PADP02P;acCodeAction;5539
E25PADP02P;acCodeLRFE;5239
E25PADP02P;aoArrondissementID;7620
E25PADP02P;arCodeArticle;7442
E25PADP02P;atCodeActivite;7775
E25PADP02P;baCodeBailleur;9773
E25PADP02P;chCodeChapitre;9256
E25PADP02P;codeRegion;5907
E25PADP02P;exMillesime;5556
E25PADP02P;imNumImput;7860
E25PADP02P;lfCode;6320
E25PADP02P;mgCodeMGestion;9323
E25PADP02P;neCodeNatureEco;9526
E25PADP02P;neCodeNatureEco2003;7323
E25PADP02P;numSemestre;6080
E25PADP02P;orCode;6839
E25PADP02P;paAE;8359
E25PADP02P;paAeBlocage;8289
E25PADP02P;paAeCaisseAvCredit;9103
E25PADP02P;paAeCaisseAvDebit;6945
E25PADP02P;paAeCaisseAvReserve;5691
E25PADP02P;paAeConstate;6021
E25PADP02P;paAeReserve;6903
E25PADP02P;paAeRetrait;8120
E25PADP02P;paAeVirementCredit;9140
E25PADP02P;paAeVirementDebit;9350
E25PADP02P;paAeVirementReserve;6419
E25PADP02P;paAout;6081
E25PADP02P;paAoutExec;6505
E25PADP02P;paAutDep;9930
E25PADP02P;paAvril;9956
E25PADP02P;paAvrilExec;9288
E25PADP02P;paCleLogique;5904
E25PADP02P;paCodePara;7799
E25PADP02P;paCP;9439
E25PADP02P;paCpBlocage;8873
E25PADP02P;paCpCaisseAvCredit;6126
E25PADP02P;paCpCaisseAvDebit;7376
E25PADP02P;paCpCaisseAvReserve;7053
E25PADP02P;paCpConstate;7817
E25PADP02P;paCpOrdonnancement;7739
E25PADP02P;paCpPaiement;9204
E25PADP02P;paCpPriseEnCharge;8363
E25PADP02P;paCpReport;7296
E25PADP02P;paCpReserve;8608
E25PADP02P;paCpVirementCredit;6446
E25PADP02P;paCpVirementDebit;5426
E25PADP02P;paCpVirementReserve;7599
E25PADP02P;paDateMaj;9161
E25PADP02P;paDecembre;6845
E25PADP02P;paDecembreExec;6706
E25PADP02P;paDelegUnq;5844
E25PADP02P;paDelPonctuelle;6870
E25PADP02P;paEtat;7915
E25PADP02P;paExecutionId;7889
E25PADP02P;paFevrier;5972
E25PADP02P;paFevrierExec;5632
E25PADP02P;paGestionnaire;6448
E25PADP02P;paIndicateur;5455
E25PADP02P;paJanvier;9934
E25PADP02P;paJanvierExec;5814
E25PADP02P;paJuillet;8709
E25PADP02P;paJuilletExec;6382
E25PADP02P;paJuin;8050
E25PADP02P;paJuinExec;9763
E25PADP02P;paLibelleAnglais;5338
E25PADP02P;paLibelleFrancais;6422
E25PADP02P;paLocalite;9466
E25PADP02P;paMai;8357
E25PADP02P;paMaiExec;6475
E25PADP02P;paMarche;9831
E25PADP02P;paMars;5389
E25PADP02P;paMarsExec;8742
E25PADP02P;paNovembre;8945
E25PADP02P;paNovembreExec;5132
E25PADP02P;paNumeroOrdre;8905
E25PADP02P;paOctobre;7967
E25PADP02P;paOctobreExec;9420
E25PADP02P;paPrioritaire;5188
E25PADP02P;paQuota;7829
E25PADP02P;paQuotaActive;9676
E25PADP02P;paResultat;5747
E25PADP02P;paSeptembre;9642
E25PADP02P;paSeptembreExec;8827
E25PADP02P;paSourceVerification;5552
E25PADP02P;paStatut;6352
E25PADP02P;paUserMaj;9548
E25PADP02P;paVersion;8082
E25PADP02P;pcCodePComptable;8998
E25PADP02P;pdCodePosteDepense;5123
E25PADP02P;pgCodeLRFE;6748
E25PADP02P;pgCodeProgramme;9698
E25PADP02P;phCodePhase;5571
E25PADP02P;pjCodeProjet;5450
E25PADP02P;sfBudgetisationCode;8115
E25PADP02P;sfBudgetisationNum;7554
E25PADP02P;sfCodeSrcFin;6885
E25PADP02P;siInvestissement;6709
E25PADP02P;taCodeTache;9641
E25PADP02P;taId;8528
E25PADP02P;upCodeUnitPhys;9592
E25VIQU25A;auteur;8002
E25VIQU25A;chCode;6131
E25VIQU25A;dateLevee;9437
E25VIQU25A;dateMaj;7247
E25VIQU25A;exMillesime;9507
E25VIQU25A;motif;8671
E25VIQU25A;quotaVirementId;7878
E25VIQU25A;userMaj;8029
E25VIQU25A;virementProjetID;7589
E26OBRE76V;dateMaj;8449
E26OBRE76V;ligneId;6466
E26OBRE76V;montant;7483
E26OBRE76V;ordonnanceId;8734
E26OBRE76V;paExecutionDst;8603
E26OBRE76V;paExecutionSrc;9956
E26OBRE76V;userMaj;7249
E27ADAJ99L;assignationId;7077
E27ADAJ99L;dateMaj;9592
E27ADAJ99L;motif;5054
E27ADAJ99L;numSemestre;5212
E27ADAJ99L;numSemestreNew;5065
E27ADAJ99L;paExecutionId;8982
E27ADAJ99L;pcCode;5082
E27ADAJ99L;pcCodeNew;8638
E27ADAJ99L;userMaj;6720
E27BOAL43A;code;6373
E27BOAL43A;valeur;8314
E27CLOT40E;arretEngagBF;5032
E27CLOT40E;arretEngagBIP;8653
E27CLOT40E;arretOrdoBF;8286
E27CLOT40E;arretOrdoBIP;5181
E27CLOT40E;exMillesime;9443
E27CLOT40E;msgEngagBF;8190
E27CLOT40E;msgEngagBIP;7209
E27CLOT40E;msgOrdoBF;6693
E27CLOT40E;msgOrdoBIP;8929
E27CLOT40E;xxArretEngagBF;8628
E27CLOT40E;xxArretEngagBIP;9016
E27CLOT40E;xxArretOrdoBF;8487
E27CLOT40E;xxArretOrdoBIP;5370
E27CMAN32E;caisseAvMandatApurementNatureId;9422
E27CMAN32E;libelleFR;9078
E27CMAN32E;libelleUS;9481
E27CPTD79T;courrierParcoursId;8273
E27CPTD79T;courrierPosteDebutId;6874
E27CPTD79T;courrierPosteTraitementId;5396
E27CPTD79T;courrierTypeDossierId;8872
E27CPTD79T;dateMaj;6199
E27CPTD79T;libelleUs;6325
E27CPTD79T;libellFr;5298
E27CPTD79T;userMaj;6552
E27DATM61N;actif;9233
E27DATM61N;arCode;9264
E27DATM61N;chCode;6358
E27DATM61N;dateMaj;5508
E27DATM61N;exMillesime;6095
E27DATM61N;ligneId;9692
E27DATM61N;neCode;5821
E27DATM61N;userMaj;7174
E27DATY66E;abbreviation;7309
E27DATY66E;acteurID;6938
E27DATY66E;dateMaj;9234
E27DATY66E;libelle;7641
E27DATY66E;typeID;6062
E27DATY66E;userMaj;6866
E28BAPA62S;acCode;8248
E28BAPA62S;arCode;6321
E28BAPA62S;chCode;6262
E28BAPA62S;dateMaj;8318
E28BAPA62S;exMillesime;7683
E28BAPA62S;neCode;8331
E28BAPA62S;paExecutionId;8175
E28BAPA62S;pgCode;6089
E28BAPA62S;userMaj;8712
E28CPOP38N;dateMaj;5595
E28CPOP38N;libelleFr;8918
E28CPOP38N;libelleUs;9758
E28CPOP38N;numOrdre;9344
E28CPOP38N;operationId;6885
E28CPOP38N;userMaj;7522
E28IMGE64E;dateMaj;9594
E28IMGE64E;immoFonctionId;9244
E28IMGE64E;immoGenreId;9313
E28IMGE64E;libelleFr;6525
E28IMGE64E;libelleUs;5185
E28IMGE64E;userMaj;8242
E28OPNO67E;contenu;5301
E28OPNO67E;dateMaj;6890
E28OPNO67E;exMillesime;7634
E28OPNO67E;noteFr;7698
E28OPNO67E;noteId;5401
E28OPNO67E;noteUs;5125
E28OPNO67E;numNote;6098
E28OPNO67E;numOrdre;9155
E28OPNO67E;numTechnique;7291
E28OPNO67E;objet;5744
E28OPNO67E;reference;5514
E28OPNO67E;serviceFr1;9262
E28OPNO67E;serviceFr2;9274
E28OPNO67E;serviceFr3;6109
E28OPNO67E;serviceUs1;7287
E28OPNO67E;serviceUs2;8584
E28OPNO67E;serviceUs3;7817
E28OPNO67E;signataire;8458
E28OPNO67E;userMaj;5792
E29CAPV44N;caisseAvProcesVerbalId;6560
E29CAPV44N;caisseAvProcesVerbalImputationId;7405
E29CAPV44N;imputation;9704
E29CMAR41N;caisseAvMandatId;5797
E29CMAR41N;chCode;7440
E29CMAR41N;dateAutorisation;9043
E29CMAR41N;exMillesime;6079
E29CMAR41N;id;6701
E29CMAR41N;nbreAutorisation;9386
E29CMAR41N;numeroMandat;6369
E29CMAR41N;userAutorisation;5203
E29IDMI24O;Col1_VIDE1;9059
E29IDMI24O;Col10_ENC_ORIGINE;8157
E29IDMI24O;Col11_ENC_IMPUTT;6392
E29IDMI24O;Col12_ENC_PIECE;5043
E29IDMI24O;Col13_ENC_MARCHE;7794
E29IDMI24O;Col14_ENC_EMI;5256
E29IDMI24O;Col15_ENC_REGLE;8314
E29IDMI24O;Col16_ENC_MDR;9567
E29IDMI24O;Col17_ENC_MDR_COMPTE;7214
E29IDMI24O;Col18_ENC_MDR_IMPUT;9366
E29IDMI24O;Col19_ENC_MDR_LIBELLE;8942
E29IDMI24O;Col2_ENC_CLASSIF;5059
E29IDMI24O;Col20_ENC_DATE;9123
E29IDMI24O;Col21_ENC_DATE_LIQ;8393
E29IDMI24O;Col22_ENC_FOURNIS;9331
E29IDMI24O;Col23_VIDE3;7774
E29IDMI24O;Col24_ENC_LIBELLE1;5835
E29IDMI24O;Col25_ENC_LIBELLE2;5228
E29IDMI24O;Col26_ENC_BP;9056
E29IDMI24O;Col27_ENC_LIBELLE3;5859
E29IDMI24O;Col28_ENC_DATE_FRN;6373
E29IDMI24O;Col29_ENC_NBREGL;9291
E29IDMI24O;Col3_ENC_CLE;9011
E29IDMI24O;Col30_ENC_PREC_NOMBRE;9756
E29IDMI24O;Col31_ENC_PREC_MONTANT;7678
E29IDMI24O;Col32_ENC_CODMIN;8898
E29IDMI24O;Col33_VIDE4;8912
E29IDMI24O;Col34_ENC_FACTURE;8698
E29IDMI24O;Col35_ENC_LIGNE_ENG;5460
E29IDMI24O;Col36_ENC_USER_ENG;7971
E29IDMI24O;Col37_ENC_LIGNE_LIQ;5547
E29IDMI24O;Col38_ENC_USER_LIQ;9370
E29IDMI24O;Col39_ENC_MONT_TAXE;6228
E29IDMI24O;Col4_VIDE2;7275
E29IDMI24O;Col40_ENC_NB_REGL;9154
E29IDMI24O;Col41_ENC_MTTAXE_ENG;8070
E29IDMI24O;Col5_ENC_PC;6685
E29IDMI24O;Col6_ENC_EMETTEUR;8382
E29IDMI24O;Col7_ENC_ETAB;7870
E29IDMI24O;Col8_ENC_VISA;5027
E29IDMI24O;Col9_ENC_IMPUTB;6996
E29IDMI24O;ligne;7840
E29ITOP00N;dateMaj;9343
E29ITOP00N;immoTypeOperationId;5839
E29ITOP00N;libelleFr;6970
E29ITOP00N;libelleUs;8371
E29ITOP00N;userMaj;9162
E29QUCH46E;activerTrimestre;5056
E29QUCH46E;chCode;5686
E29QUCH46E;dateMaj;7593
E29QUCH46E;dateSignature;8732
E29QUCH46E;exMillesime;6044
E29QUCH46E;numeroActe;7051
E29QUCH46E;quotaActifAD;9310
E29QUCH46E;quotaActifBIP;6960
E29QUCH46E;quotaActifBS;8913
E29QUCH46E;quotaActifBSTitre4;6172
E29QUCH46E;quotaChapitreId;8326
E29QUCH46E;signataire;9212
E29QUCH46E;trimestreId;8724
E29QUCH46E;userMaj;8463
E29QUCH46E;volumeAD;7975
E29QUCH46E;volumeBIP;6444
E29QUCH46E;volumeBS;6909
E29QUCH46E;volumeBSTitre4;5391
E29VIPR87T;arreteDate;8129
E29VIPR87T;arreteDateSignature;7706
E29VIPR87T;arreteNumero;8883
E29VIPR87T;arreteObjet;5337
E29VIPR87T;arreteSignataire;6528
E29VIPR87T;chapitreDest;6206
E29VIPR87T;chapitreSource;7193
E29VIPR87T;dateMaj;5408
E29VIPR87T;etatID;5541
E29VIPR87T;exMillesime;8994
E29VIPR87T;lettreDate;8158
E29VIPR87T;lettreNumero;8231
E29VIPR87T;lettreSignataire;6034
E29VIPR87T;modeleID;5466
E29VIPR87T;noteAlattentionDe;7959
E29VIPR87T;noteContenu;5908
E29VIPR87T;noteNumero;6055
E29VIPR87T;noteObjet;5918
E29VIPR87T;noteReference;8396
E29VIPR87T;reponseContenu;9831
E29VIPR87T;reponseDestinataire;5934
E29VIPR87T;reponseNumero;5702
E29VIPR87T;reponseObjet;6248
E29VIPR87T;reponseReference;8698
E29VIPR87T;typeProjet;7120
E29VIPR87T;userMaj;9643
E29VIPR87T;virementID;6098
E29VIPR87T;virementProjetID;8209
E30ACEX19N;agMatricule;5310
E30ACEX19N;dateMaj;9683
E30ACEX19N;exMillesime;9805
E30ACEX19N;id;8931
E30ACEX19N;motif;8536
E30ACEX19N;statut;6907
E30ACEX19N;userMaj;9715
E30BAVA00E;agMatriculeAccord;9717
E30BAVA00E;bnNumBon;7983
E30BAVA00E;chCode;9824
E30BAVA00E;dateAccord;6430
E30BAVA00E;exMillesime;6423
E30BAVA00E;numCertificat;8032
E30BAVA00E;paExecutionId;9978
E30BAVA00E;userMaj;6624
E30DECO53E;arCode;8358
E30DECO53E;chCode;7488
E30DECO53E;dateMaj;6345
E30DECO53E;exMillesime;8560
E30DECO53E;imputation;8974
E30DECO53E;intervalle;9228
E30DECO53E;LigneID;7963
E30DECO53E;neCode;6694
E30DECO53E;userMaj;9332
E30ENPT10T;aout;8883
E30ENPT10T;avril;7118
E30ENPT10T;budgetApprouve;9320
E30ENPT10T;chCode;9709
E30ENPT10T;code;7234
E30ENPT10T;dateMaj;7176
E30ENPT10T;decembre;8373
E30ENPT10T;exMillesime;8463
E30ENPT10T;fevrier;8120
E30ENPT10T;janvier;5825
E30ENPT10T;juillet;5946
E30ENPT10T;juin;7686
E30ENPT10T;libelle;8851
E30ENPT10T;mai;9823
E30ENPT10T;mars;7355
E30ENPT10T;niveau;5625
E30ENPT10T;novembre;6887
E30ENPT10T;octobre;6515
E30ENPT10T;septembre;9631
E30ENPT10T;total;8288
E30ENPT10T;tresorerieID;8207
E30ENPT10T;userMaj;7067
E31CADE34E;caisseAvDepenseID;7887
E31CADE34E;caisseAvId;7796
E31CADE34E;code;6410
E31CADE34E;libelleFr;8401
E31CADE34E;libelleIR;6513
E31CADE34E;libelleTVA;7106
E31CADE34E;libelleUs;9165
E31CADE34E;montant;7500
E31CADE34E;montantHT;5798
E31CADE34E;montantIR;6811
E31CADE34E;montantTVA;5383
E31CADE34E;tauxIR;9793
E31CADE34E;tauxTVA;8373
E31CAPV14E;caisseAvProcesVerbalCategorieRegieId;9397
E31CAPV14E;caisseAvProcesVerbalId;8868
E31CAPV14E;caisseAvProcesVerbalPieceJustificativeDispoId;9115
E31CAPV14E;caisseAvProcesVerbalPieceJustificativeDispoTypeId;9646
E31CAPV14E;caisseAvProcesVerbalPieceJustificativeId;8640
E31CAPV14E;libelleEN;6924
E31CAPV14E;libelleFR;5615
E31CAPV14E;selected;9919
E31CAPV66E;caisseAvProcesVerbalId;5842
E31CAPV66E;caisseAvProcesVerbalRecetteServiceId;8669
E31CAPV66E;date;9676
E31CAPV66E;designation;8536
E31CAPV66E;IR;6443
E31CAPV66E;IRCM;9480
E31CAPV66E;montant;5570
E31CAPV66E;numQuittanceVersement;5827
E31CAPV66E;observation;7315
E31CAPV66E;TVA;8463
E31CPCA46E;categorieID;9729
E31CPCA46E;code;7373
E31CPCA46E;dateMAJ;7102
E31CPCA46E;libelleEN;5786
E31CPCA46E;libelleFR;9947
E31CPCA46E;userMAJ;8596
E31CPMR89E;dateMAJ;7050
E31CPMR89E;ficheImmoMatRoulantNatureID;6042
E31CPMR89E;libelleEn;5932
E31CPMR89E;libelleFr;5557
E31CPMR89E;userMAJ;9936
E31CPOI01E;bienOperationImmoID;7034
E31CPOI01E;code;7912
E31CPOI01E;dateMAJ;7127
E31CPOI01E;libelleEN;9471
E31CPOI01E;libelleFR;5466
E31CPOI01E;userMAJ;6143
E31CPVV89E;code;6746
E31CPVV89E;dateMAJ;8292
E31CPVV89E;libelleEN;9735
E31CPVV89E;libelleFR;7151
E31CPVV89E;userMAJ;6159
E31CPVV89E;valeurVenaleCategorieID;5427
E31DAVI22T;beneficiaire;6122
E31DAVI22T;compteDepot;6348
E31DAVI22T;dacVirementID;7435
E31DAVI22T;dateMaj;7896
E31DAVI22T;etatvir;8332
E31DAVI22T;montantVirement;7613
E31DAVI22T;numeroVirement;7703
E31DAVI22T;objetVirement;9524
E31DAVI22T;operateur;6270
E31DAVI22T;typeDac;8941
E31DAVI22T;userMaj;9537
E31IDMI07O;Col1_VIDE1;6778
E31IDMI07O;Col10_ENC_ORIGINE;5289
E31IDMI07O;Col11_ENC_IMPUTT;6105
E31IDMI07O;Col12_ENC_PIECE;5158
E31IDMI07O;Col13_ENC_MARCHE;7852
E31IDMI07O;Col14_ENC_EMI;9665
E31IDMI07O;Col15_ENC_REGLE;9047
E31IDMI07O;Col16_ENC_MDR;9868
E31IDMI07O;Col17_ENC_MDR_COMPTE;7223
E31IDMI07O;Col18_ENC_MDR_IMPUT;6351
E31IDMI07O;Col19_ENC_MDR_LIBELLE;6932
E31IDMI07O;Col2_ENC_CLASSIF;7229
E31IDMI07O;Col20_ENC_DATE;8894
E31IDMI07O;Col21_ENC_DATE_LIQ;7069
E31IDMI07O;Col22_ENC_FOURNIS;5280
E31IDMI07O;Col23_VIDE3;9637
E31IDMI07O;Col24_ENC_LIBELLE1;6794
E31IDMI07O;Col25_ENC_LIBELLE2;9809
E31IDMI07O;Col26_ENC_BP;9530
E31IDMI07O;Col27_ENC_LIBELLE3;9294
E31IDMI07O;Col28_ENC_DATE_FRN;9241
E31IDMI07O;Col29_ENC_NBREGL;8518
E31IDMI07O;Col3_ENC_CLE;5913
E31IDMI07O;Col30_ENC_PREC_NOMBRE;6263
E31IDMI07O;Col31_ENC_PREC_MONTANT;5051
E31IDMI07O;Col32_ENC_CODMIN;5274
E31IDMI07O;Col33_VIDE4;7233
E31IDMI07O;Col34_ENC_FACTURE;9021
E31IDMI07O;Col35_ENC_LIGNE_ENG;8685
E31IDMI07O;Col36_ENC_USER_ENG;7401
E31IDMI07O;Col37_ENC_LIGNE_LIQ;5562
E31IDMI07O;Col38_ENC_USER_LIQ;5461
E31IDMI07O;Col39_ENC_MONT_TAXE;5211
E31IDMI07O;Col4_VIDE2;9767
E31IDMI07O;Col40_ENC_NB_REGL;7186
E31IDMI07O;Col41_ENC_MTTAXE_ENG;9114
E31IDMI07O;Col5_ENC_PC;7719
E31IDMI07O;Col6_ENC_EMETTEUR;9646
E31IDMI07O;Col7_ENC_ETAB;8145
E31IDMI07O;Col8_ENC_VISA;8840
E31IDMI07O;Col9_ENC_IMPUTB;9848
E31IDMI07O;ligne;9586
E31OPTY47E;code;8240
E31OPTY47E;dateMAJ;5315
E31OPTY47E;libelleEN;8312
E31OPTY47E;libelleFR;7015
E31OPTY47E;oppositionTypeID;9590
E31OPTY47E;userMAJ;5063
E31PAAF39N;affectationId;5832
E31PAAF39N;agMatricule;5261
E31PAAF39N;dateAffectation;8392
E31PAAF39N;dateMaj;7723
E31PAAF39N;paExecutionId;7962
E31PAAF39N;userMaj;8191
E31QSIN29E;activerT1;6090
E31QSIN29E;activerT2;8286
E31QSIN29E;activerT3;7570
E31QSIN29E;activerT4;5985
E31QSIN29E;chCode;6613
E31QSIN29E;dateMaj;5858
E31QSIN29E;exMillesime;9749
E31QSIN29E;montantTitre2Trimestre1;8490
E31QSIN29E;montantTitre2Trimestre2;7594
E31QSIN29E;montantTitre2Trimestre3;8946
E31QSIN29E;montantTitre2Trimestre4;9587
E31QSIN29E;montantTitre3Trimestre1;8087
E31QSIN29E;montantTitre3Trimestre2;9948
E31QSIN29E;montantTitre3Trimestre3;8634
E31QSIN29E;montantTitre3Trimestre4;8972
E31QSIN29E;montantTitre4Trimestre1;5171
E31QSIN29E;montantTitre4Trimestre2;7291
E31QSIN29E;montantTitre4Trimestre3;5341
E31QSIN29E;montantTitre4Trimestre4;7282
E31QSIN29E;montantTotal1;7653
E31QSIN29E;montantTotal2;6070
E31QSIN29E;montantTotal3;8557
E31QSIN29E;montantTotal4;5739
E31QSIN29E;qoutaSaisieIncompressibleID;8069
E31QSIN29E;trimestre1Id;6209
E31QSIN29E;trimestre2Id;5906
E31QSIN29E;trimestre3Id;6352
E31QSIN29E;trimestre4Id;6934
E31QSIN29E;userMaj;7504
E31VAPR70T;arCodeServEmetteur;7933
E31VAPR70T;chapitreDest;6176
E31VAPR70T;chapitreSource;5010
E31VAPR70T;dateInit;8559
E31VAPR70T;dateMaj;8357
E31VAPR70T;dateValid;7227
E31VAPR70T;etatID;7770
E31VAPR70T;exMillesime;5973
E31VAPR70T;modeleID;5164
E31VAPR70T;montant;5731
E31VAPR70T;sansBon;6945
E31VAPR70T;typeProjet;9284
E31VAPR70T;userInit;8406
E31VAPR70T;userMaj;6968
E31VAPR70T;userValid;6098
E31VAPR70T;virementID;5686
E31VAPR70T;virementProjetID;8041
E32AMTR80N;bonOrdonnancementID;7638
E32AMTR80N;chCode;6575
E32AMTR80N;exMillesime;8005
E32AMTR80N;isReliquat;6276
E32AMTR80N;ligneId;6384
E32AMTR80N;ligneIdActeJuridique;8862
E32AMTR80N;missionId;5217
E32AMTR80N;montantTTC;6485
E32AMTR80N;motifRejet;9555
E32AMTR80N;numBon;6804
E32AMTR80N;numBonCP;5680
E32AMTR80N;numBordereau;7400
E32AMTR80N;numeroMission;7812
E32AMTR80N;tmAgentLiaison;9479
E32AMTR80N;tmDateMAJ;6096
E32AMTR80N;tmDateTransmission;6728
E32AMTR80N;tmLibelleBordereau;9379
E32AMTR80N;tmLieuTransmission;6657
E32AMTR80N;tmNumBordereau;5168
E32AMTR80N;tmServiceDestinataire;9755
E32AMTR80N;tmServiceSource;8878
E32AMTR80N;tmTypeTransmission;7950
E32AMTR80N;tmUserMAJ;6839
E32AMTR80N;transmissionId;5205
E32BFLI52S;amId;8394
E32BFLI52S;dateMAJ;8000
E32BFLI52S;factureId;8397
E32BFLI52S;factureLigneId;6639
E32BFLI52S;numOrdre;7663
E32BFLI52S;prixUnitaire;8874
E32BFLI52S;quantite;7346
E32BFLI52S;tauxIR;5528
E32BFLI52S;tauxTVA;6222
E32BFLI52S;typeFacture;9316
E32BFLI52S;userMAJ;5144
