tableName;tableSequence
tblPSFEChapitreMessagerie;4640
tblPSFEChapitreObjectif;1043
tblPSFECorbeille;5738
tblPSFECorbeilleAction;3147
tblPSFECorbeilleActionIndicateur;5985
tblPSFECorbeilleActionObjectif;4898
tblPSFECorbeilleActionResponsable;2657
tblPSFECorbeilleActivite;4750
tblPSFECorbeilleActiviteIndicateur;5815
tblPSFECorbeilleActiviteObjectif;1506
tblPSFECorbeilleActiviteResponsable;4337
tblPSFECorbeilleParagraphe;3556
tblPsfeCorbeilleParagrapheUnitePhysique;2631
tblPsfeCorbeilleParagrapheUnitePhysiqueTP;1400
tblPSFECorbeilleProgramme;1123
tblPSFECorbeilleProgrammeIndicateur;4898
tblPSFECorbeilleProgrammeObjectif;4665
tblPSFECorbeilleProgrammeOperateur;3677
tblPSFECorbeilleProgrammeResponsable;3477
tblPSFECorbeilleTache;4089
tblPSFECorbeilleTacheIndicateur;2097
tblPSFECorbeilleTacheObjectif;4914
tblPSFECorbeilleTacheResponsable;2254
tblPSFEFonctionAdministrative;5893
tblPSFEFonctionPrincipale;3274
tblPSFEFonctionPrincipaleIndicateur;1330
tblPSFEFonctionPrincipaleObjectif;4602
tblPSFEFonctionSecondaire;2314
tblPSFELoiFinances;3317
tblPSFEMinistre;2911
tblPSFEModeGestion;4513
tblPSFEOperateur;2631
tblPSFEParagraphe;1682
tblPSFEParagrapheEngagement;1261
tblPSFEParagrapheEngagementHistorique;1155
tblPSFEParagrapheProjet;3103
tblPSFEParagrapheUnitePhysique;2057
tblPSFEParagrapheUnitePhysiqueAgrega;2892
tblPSFEPosteDepense;3261
tblPSFEPPASection;1094
tblPSFEProgramme;5016
tblPSFEProgrammeCode;5280
tblPSFEProgrammeIndicateur;3140
tblPSFEProgrammeIndicateurDescription;1544
tblPSFEProgrammeObjectif;2748
tblPSFEProgrammeOperateur;4546
tblPSFEProgrammeResponsable;1038
tblPSFESecteur;2015
tblPSFESourceFinancement;1692
tblPSFESourceFinancementType;3888
tblPSFETache;4520
tblPSFETacheAgregaPara;1706
tblPSFETacheResponsable;5017
tblPSFETraceArticle;5569
tblPSFETraceParagraphe;4304
tblPSFEUniteMesure;4491
tblPSFEUnitePhysique;5966
tblPSFEUser;1761
tblPSFEUser15;5365
tblPSFEUserBis;5259
tblPSFEUserChapitre;3960
tblPSFEUserGroupe;2260
tblPSFEUserGroupeBis;4172
tblPSFEUserProfil;1443
tblPSFEUserVersion;3329
tblRegion;1807
tblSecteur;5625
tblSecteurMinepat;2565
tblSourceFinancement;1524
TblSousSection;4426
tblTempArticle;3736
tblUnite;2777
tblUP2015;5606
tblUtilisateur;1284
tbmMauvaisDelegDifferent;4519
tmpActiviteCommune;4772
tmpArticle_15;4164
tmpArticle_SECPART;1174
tmpArticleCommune;4370
tmpArticles25;2199
tmpBalIBIS;1696
tmpBIP_2007_DPI;3957
tmpBIP_2007_IBIS;4176
tmpBIP_2009_IBIS;1034
tmpBIP_2009_IBIS_New;3489
tmpBIP_2011_IBIS;1965
tmpCADREImportPE;4317
tmpCADREImportRG;2497
tmpCommune_Absentes;1028
tmpDelAuto;3905
tmpDelegationUnique;4671
tmpDotInitiales41;1365
tmpDotInitialesFinex41;3834
tmpEncmicro;2059
tmpEncours;5445
tmpFinex_39;5859
tmpImputation_15;4244
tmpImputation39;3779
tmpImputation39_BIP;3026
tmpMinesec49En48;5359
tmpMinsante2014;4088
tmpPA2013;4010
tmpPBINVEST;5566
tmpProdFct;1319
tmpSuiviBudgetMultiExo;5584
tmpTABLETRANSFERT;4563
tmpTransferts;1373
tmpVirListe;3460
TRACE2;1891
TRACE3;4245
up2015pmi;2011
up2016;3597
UP2017;2238
UP2018;3365
Z_tmpDelPon;5154
z46Article;4575
z46Categorie;5892
z46Ordonnateur;5081
z46Ordonne;3929
z46PosteComptable;4999
zOrdo;3885
ZtmpBesoinsGM;4749
ZtmpCadrage;2412
ZtmpPC;3035
