procedureName;procedureSequence
ps_Prepa_Projet_Pays_By_Id;2821
ps_Prepa_Projet_Pays_List;2263
ps_Prepa_Projet_Pays_List_By_Continent;2500
ps_Prepa_Projet_Piece_By_ID;3348
ps_Prepa_Projet_Piece_D;3186
ps_Prepa_Projet_Piece_IU;3150
ps_Prepa_Projet_Piece_List;3317
ps_Prepa_Projet_PosteComptable_List;3660
ps_Prepa_Projet_Pour_Eligibilite_Au_BIP_List;2538
ps_Prepa_Projet_Pour_Financement_List;3043
ps_Prepa_Projet_Pour_Inscription_Au_BIP_List;3743
ps_Prepa_Projet_Pour_Maturation_List;3700
ps_Prepa_Projet_Priorisation_Traitementt;2292
ps_Prepa_Projet_Rapport_Maturation_IU;2484
ps_Prepa_Projet_Rapport_Maturation_Tableau1;2137
ps_Prepa_Projet_Rapport_Maturation_Tableau1_By_Chap;3767
ps_Prepa_Projet_Rapport_Maturation_Tableau2;3939
ps_Prepa_Projet_Rapport_Maturation_Tableau2_By_Chap;2113
ps_Prepa_Projet_Recherche;2809
ps_Prepa_Projet_Region_List;2355
ps_Prepa_Projet_Set_Cout_Projet;2371
ps_Prepa_Projet_Set_Eligibilite;3029
ps_Prepa_Projet_Set_Eligibilite_Au_BIP;2802
ps_Prepa_Projet_Set_Etape;3891
ps_Prepa_Projet_Set_Etat_Maturation;2833
ps_Prepa_Projet_Set_Maturation;2323
ps_Prepa_Projet_Set_Maturation_Etude_Approbation;2081
ps_Prepa_Projet_Set_Maturation_Piece_Approbation;2474
ps_Prepa_Projet_Set_NbreAPE;3114
ps_Prepa_Projet_Set_NbreDAO;2409
ps_Prepa_Projet_Set_NbreTDR;2971
ps_Prepa_Projet_Set_Priorite;2441
ps_Prepa_Projet_Tache_By_ID;1972
ps_Prepa_Projet_Tache_Cout_Bailleur_D;2102
ps_Prepa_Projet_Tache_Cout_Bailleur_IU;3972
ps_Prepa_Projet_Tache_Cout_Bailleur_SL;2364
ps_Prepa_Projet_Tache_Cout_I;2686
ps_Prepa_Projet_Tache_Cout_SourceFinancement_D;3798
ps_Prepa_Projet_Tache_Cout_SourceFinancement_IU;3273
ps_Prepa_Projet_Tache_Cout_SourceFinancement_SL;3890
ps_Prepa_Projet_Tache_D;2535
ps_Prepa_Projet_Tache_Deja_Receptionner_Au_Budget;2714
ps_Prepa_Projet_Tache_Deja_Transferer_Au_Budget;2292
ps_Prepa_Projet_Tache_Effet_D;1919
ps_Prepa_Projet_Tache_Effet_I;3708
ps_Prepa_Projet_Tache_Effet_IU;3954
ps_Prepa_Projet_Tache_Effet_List_By_Tache;2461
ps_Prepa_Projet_Tache_Effet_S;3484
ps_Prepa_Projet_Tache_Effet_SL;3320
ps_Prepa_Projet_Tache_Effet_SL_By_Tache;2676
ps_Prepa_Projet_Tache_Effet_Tache_D;1995
ps_Prepa_Projet_Tache_Effet_Tache_I;2190
ps_Prepa_Projet_Tache_Effet_Tache_S;3527
ps_Prepa_Projet_Tache_Effet_Tache_SL;3362
ps_Prepa_Projet_Tache_Effet_Tache_SL_By_Groupe;2103
ps_Prepa_Projet_Tache_Effet_Tache_U;2260
ps_Prepa_Projet_Tache_Effet_U;2784
ps_Prepa_Projet_Tache_Emploi_D;2629
ps_Prepa_Projet_Tache_Emploi_I;2953
ps_Prepa_Projet_Tache_Emploi_IU;3010
ps_Prepa_Projet_Tache_Emploi_List_By_Tache;3302
ps_Prepa_Projet_Tache_Emploi_S;2352
ps_Prepa_Projet_Tache_Emploi_SL;3677
ps_Prepa_Projet_Tache_Emploi_SL_By_Tache;3469
ps_Prepa_Projet_Tache_Emploi_Tache_D;3379
ps_Prepa_Projet_Tache_Emploi_Tache_I;2065
ps_Prepa_Projet_Tache_Emploi_Tache_S;3113
ps_Prepa_Projet_Tache_Emploi_Tache_SL;3805
ps_Prepa_Projet_Tache_Emploi_Tache_U;2180
ps_Prepa_Projet_Tache_Emploi_U;2541
ps_Prepa_Projet_Tache_Etat_Maturation_D;3592
ps_Prepa_Projet_Tache_Etat_Maturation_I;2111
ps_Prepa_Projet_Tache_Etat_Maturation_IU;2148
ps_Prepa_Projet_Tache_Etat_Maturation_S;3193
ps_Prepa_Projet_Tache_Etat_Maturation_SL;3734
ps_Prepa_Projet_Tache_Etat_Maturation_U;2452
ps_Prepa_Projet_Tache_Etude_D;3239
ps_Prepa_Projet_Tache_Etude_I;2482
ps_Prepa_Projet_Tache_Etude_IU;3986
ps_Prepa_Projet_Tache_Etude_S;3850
ps_Prepa_Projet_Tache_Etude_SL;3134
ps_Prepa_Projet_Tache_Etude_U;3923
ps_Prepa_Projet_Tache_Extrant_By_Id;2391
ps_Prepa_Projet_Tache_Extrant_D;3800
ps_Prepa_Projet_Tache_Extrant_I;3933
ps_Prepa_Projet_Tache_Extrant_IU;3029
ps_Prepa_Projet_Tache_Extrant_List_By_Tache;2373
ps_Prepa_Projet_Tache_Extrant_S;3714
ps_Prepa_Projet_Tache_Extrant_SL;3050
ps_Prepa_Projet_Tache_Extrant_SL_By_Tache;2257
ps_Prepa_Projet_Tache_Extrant_U;2938
ps_Prepa_Projet_Tache_Groupe_Effet_D;4000
ps_Prepa_Projet_Tache_Groupe_Effet_I;3942
ps_Prepa_Projet_Tache_Groupe_Effet_S;3692
ps_Prepa_Projet_Tache_Groupe_Effet_SL;2146
ps_Prepa_Projet_Tache_Groupe_Effet_U;3931
ps_Prepa_Projet_Tache_IU;2199
ps_Prepa_Projet_Tache_List_By_Projet;3717
ps_Prepa_Projet_Tache_List_By_Projet_Programmees;2359
ps_Prepa_Projet_Tache_Maturation_D;3395
ps_Prepa_Projet_Tache_Maturation_I;3009
ps_Prepa_Projet_Tache_Maturation_IU;3766
ps_Prepa_Projet_Tache_Maturation_Piece_D;2030
ps_Prepa_Projet_Tache_Maturation_Piece_I;2536
ps_Prepa_Projet_Tache_Maturation_Piece_IU;3545
ps_Prepa_Projet_Tache_Maturation_Piece_S;3695
ps_Prepa_Projet_Tache_Maturation_Piece_SL;3300
ps_Prepa_Projet_Tache_Maturation_Piece_SL_By_Element_Maturation;1970
ps_Prepa_Projet_Tache_Maturation_Piece_U;3044
ps_Prepa_Projet_Tache_Maturation_S;3975
ps_Prepa_Projet_Tache_Maturation_SL;3093
ps_Prepa_Projet_Tache_Maturation_SL_By_Tache;2776
ps_Prepa_Projet_Tache_Maturation_U;2940
ps_Prepa_Projet_Tache_Paragraphe_D;2960
ps_Prepa_Projet_Tache_Paragraphe_IU;3715
ps_Prepa_Projet_Tache_Paragraphe_S;3523
ps_Prepa_Projet_Tache_Paragraphe_SL;3663
ps_Prepa_Projet_Tache_Paragraphe_SL_By_Tache;2976
ps_Prepa_Projet_Tache_Programmation;2200
ps_Prepa_Projet_Tache_Programmation_By_ID;3384
ps_Prepa_Projet_Tache_Programmation_D;2600
ps_Prepa_Projet_Tache_Programmation_IU;3498
ps_Prepa_Projet_Tache_Programmation_List_By_Tache;3888
ps_Prepa_Projet_Tache_S;3285
ps_Prepa_Projet_Tache_Set_Etat_Maturation;2855
ps_Prepa_Projet_Tache_Set_Maturation;2297
ps_Prepa_Projet_Tache_Set_Maturation_Etude_Approbation;3260
ps_Prepa_Projet_Tache_Set_Maturation_Etude_Verification;3976
ps_Prepa_Projet_Tache_Set_Maturation_Piece_Approbation;2495
ps_Prepa_Projet_Tache_Transfert_Vers_CDMT;2927
ps_Prepa_Projet_Tache_Transfert_Vers_CDMT_Annulation;3551
ps_Prepa_Projet_Tache_Type_D;3990
ps_Prepa_Projet_Tache_Type_Etude_D;1902
ps_Prepa_Projet_Tache_Type_Etude_I;2117
ps_Prepa_Projet_Tache_Type_Etude_IU;2513
ps_Prepa_Projet_Tache_Type_Etude_S;2219
ps_Prepa_Projet_Tache_Type_Etude_SL;2117
ps_Prepa_Projet_Tache_Type_Etude_SL_By_Projet_Tache;1973
ps_Prepa_Projet_Tache_Type_Etude_U;3681
ps_Prepa_Projet_Tache_Type_I;3878
ps_Prepa_Projet_Tache_Type_IU;3251
ps_Prepa_Projet_Tache_Type_S;3270
ps_Prepa_Projet_Tache_Type_SL;3147
ps_Prepa_Projet_Tache_Type_SL_By_Type_investissement;3628
ps_Prepa_Projet_Tache_Type_U;2948
ps_Prepa_Projet_Tache_Zone_Implantation_Region_D;2299
ps_Prepa_Projet_Tache_Zone_Implantation_Region_IU;2630
ps_Prepa_Projet_Tache_Zone_Implantation_Region_List;2356
ps_Prepa_Projet_TDR_D;1972
ps_Prepa_Projet_TDR_LigneBudget;2028
ps_Prepa_Projet_TDR_LigneBudgetByProjet;2212
ps_Prepa_Projet_TDR_Liste;3777
ps_Prepa_Projet_TDR_UI;2947
ps_Prepa_Projet_TDRBudget_D;2436
ps_Prepa_Projet_TDRBudget_UI;2626
ps_Prepa_Projet_TDRBudgetListBy_TDR;3487
ps_Prepa_Projet_TDRLigneBudget_D;2843
ps_Prepa_Projet_TDRLigneBudget_UI;2722
ps_Prepa_Projet_TDRListBy_Projet;2690
ps_Prepa_Projet_TDRListBy_TDR;3155
ps_Prepa_Projet_TDROperation_D;3478
ps_Prepa_Projet_TDROperation_UI;3646
ps_Prepa_Projet_Transfert_Prochaine_Etape;1915
ps_Prepa_Projet_Transfert_Prochaine_Etape_Annulation;3851
ps_Prepa_Projet_Transfert_Vers_CDMT;2352
ps_Prepa_Projet_Transfert_Vers_CDMT_Annulation;2233
ps_Prepa_Projet_Transfert_Vers_CDMT2;2309
ps_Prepa_Projet_Transmis_Pour_Etape;3664
ps_Prepa_Projet_Transmission_By_ChapitreANDBordereau;2455
ps_Prepa_Projet_Transmission_By_ChapitreANDBordereau_Annulation;3002
ps_Prepa_Projet_Transmission_CDMT;3074
ps_Prepa_Projet_Transmission_CDMT_Annulation;2259
ps_Prepa_Projet_Transmission_CDMT_By_ChapitreANDBordereau;3674
ps_Prepa_Projet_Transmission_CDMT_By_ChapitreANDBordereau_Annulation;3575
ps_Prepa_Projet_Type_By_Id;2673
ps_Prepa_Projet_Type_D;2150
ps_Prepa_Projet_Type_Etude_D;3400
ps_Prepa_Projet_Type_Etude_IU;2304
ps_Prepa_Projet_Type_Etude_List;3610
ps_Prepa_Projet_Type_Etude_List_By_Type_Projet;2852
ps_Prepa_Projet_Type_IU;3148
ps_Prepa_Projet_Type_List;2411
ps_Prepa_Projet_Type_List_By_Type_Projet;3320
ps_Prepa_Projet_Typologie_D;2201
ps_Prepa_Projet_Typologie_I;2186
ps_Prepa_Projet_Typologie_IU;2798
ps_Prepa_Projet_Typologie_List;2974
ps_Prepa_Projet_Typologie_U;2924
ps_Prepa_Projet_User_Organisation_D;1945
ps_Prepa_Projet_User_Organisations_List;2033
ps_Prepa_Projet_Zone_Implantation_Region_D;2954
ps_Prepa_Projet_Zone_Implantation_Region_IU;2314
ps_Prepa_Projet_Zone_Implantation_Region_List;3169
ps_Prepa_ReconduireActivite;2548
ps_Prepa_ReconduireTache;3804
ps_Prepa_ResetBipCodeProjet;2250
ps_Prepa_SL_ActiviteParCategorieArticle;3357
ps_Prepa_Tableau_LF;3257
ps_Prepa_Tache_MajArticle_Paragraphe;3433
ps_Prepa_Tache_Transfert;3919
ps_Prepa_TacheAep_Info;2768
ps_Prepa_TacheAep_Lier;2249
ps_Prepa_TacheCategorie;2876
ps_Prepa_TacheInsert;2685
ps_Prepa_TacheModifier;2719
ps_Prepa_TacheModifier_2015;2171
ps_Prepa_TacheResponsable;3746
ps_Prepa_Taches;3909
ps_Prepa_TachesAlleges_2015;2070
ps_Prepa_tblPSFEProgramme_U;3565
ps_Prepa_Transfert_Commune;2214
ps_Prepa_U_Ajustement_Paragraphe;2813
ps_Prepa_U_PC_Paragraphe;2857
ps_Prepa_U_tblPSFEParagraphe;2254
ps_Prepa_UnitePhysiqueReference_Report;2545
ps_Prepa_UpdateFsCode_ByCategorie;3112
ps_Prepa_UpdateLoiFinance;3867
ps_Prepa21_CadreLogique;2742
ps_Prepa21_PPA;2099
ps_Prepa21_PPA_PresentationCredit;3972
ps_Prepa21_PPA_PresentationCredit_Recap;3496
ps_Prepa21_PPA_PresentationProgrammeEtActions;2805
ps_PrepaActionIndicateur_REGUL;3487
ps_PrepaActionIndicateurDescription_D;2121
ps_PrepaActionIndicateurDescription_S;3307
ps_PrepaActionIndicateurDescriptionAnglais_IU;3801
ps_PrepaActionIndicateurDescriptionFrancais_IU;2437
ps_PrepaActionResponsable_IU;2825
ps_prepaCadrageControle;4000
ps_PrepaCdmtDocument_D;2015
ps_PrepaCdmtDocument_IU;3999
ps_PrepaCdmtDocument_IU_FrUs;2320
ps_PrepaCdmtDocument_Lock;2421
ps_PrepaCdmtDocument_S;3612
ps_PrepaChargement_Annulation;2022
ps_PrepaChargement_AnnulationSeq;2478
ps_PrepaChargement_Arret;3332
ps_PrepaChargement_BipCorrectionMG;3280
ps_PrepaChargement_D;2582
ps_PrepaChargement_IU;3155
ps_PrepaChargement_Ouverture;2613
ps_PrepaChargement_Rpt_Blocage;2599
ps_PrepaChargement_S;2663
ps_PrepaChargement_SimulationMel;2634
ps_PrepaChargementAutDep_ArticleNonGen;3237
ps_PrepaChargementAutDep_Chapitre;2738
ps_PrepaChargementAutDep_Generer;2419
ps_PrepaChargementAutDep_Generer_2015;2061
ps_PrepaChargementAutDep_Listing;2964
ps_PrepaChargementBlocage_Application;2428
ps_PrepaChargementBlocage_D;3343
ps_PrepaChargementBlocage_I;2669
ps_PrepaChargementBlocage_S;2391
ps_PrepaChargementBlocage_Validation;1953
ps_PrepaChargementBudgetMontant;2243
ps_PrepaChargementCtlArticleMalAssigne;2855
ps_PrepaChargementCtlArticleMalLocalise;2719
ps_PrepaChargementCtlBip;3727
ps_PrepaChargementCtlBipMalProgramme;3199
ps_PrepaChargementCtlCadrage;3599
ps_PrepaChargementCtlParagrapheBFMalAssigne;2124
ps_PrepaChargementDgbRepartitionBudget;3196
ps_PrepaChargementDgbRepartitionBudgetMG;3856
ps_PrepaChargementMiseEnLigneBudget;2497
ps_PrepaChargementMiseEnLigneBudget_Annulation;2779
ps_PrepaChargementRegleDeleg_Application;1983
ps_PrepaChargementRegleDeleg_D;1982
ps_PrepaChargementRegleDeleg_I;2437
ps_PrepaChargementRegleDeleg_S;2942
ps_PrepaChargementRegleDeleg_Validation;3163
ps_PrepaCompetencesGroupe_D;3156
ps_PrepaCompetencesGroupe_IU;2801
ps_PrepaCompetencesGroupe_S;2682
ps_PrepaCompetencesRT_D;1982
ps_PrepaCompetencesRT_IU;3616
ps_PrepaCompetencesRT_Report;2905
ps_PrepaCompetencesRT_ReportFull;3035
ps_PrepaCompetencesRT_S;2210
ps_PrepaCompetencesRTache_D;3606
ps_PrepaCompetencesRTache_IU;2601
ps_PrepaCompetencesRTache_S;1994
ps_PrepaJournal_Element;3729
ps_PrepaJournal_I;2718
ps_PrepaModifierChapitreBlocage;2270
ps_prepaMouchard;3873
ps_PrepaParagrapheUnitePhysique_IU;3685
ps_PrepaProgrammeIndicateur_REGUL;3305
ps_PrepaProgrammeIndicateurDescription_D;3930
ps_PrepaProgrammeIndicateurDescription_S;3566
ps_PrepaProgrammeIndicateurDescriptionAnglais_IU;3642
ps_PrepaProgrammeIndicateurDescriptionFrancais_IU;2228
ps_PrepaProgrammeResponsable_IU;3009
ps_PrepaTacheVirtuelle_AC;3360
ps_PrepaTacheVirtuelle_AT;2018
ps_PrepaTacheVirtuelle_AT_S;3711
ps_PrepaTacheVirtuelle_D;3987
ps_PrepaTacheVirtuelle_IU;3549
ps_PrepaTacheVirtuelle_JournalProjet;3823
ps_PrepaTacheVirtuelle_JournalProjet_Budget;3423
ps_PrepaTacheVirtuelle_PA;2361
ps_PrepaTacheVirtuelle_PG;3062
ps_PrepaTacheVirtuelleParagraphe_D;3496
ps_PrepaTacheVirtuelleParagraphe_IU;3581
ps_PrepaTacheVirtuelleParagraphe_NettoyageOrphelin;2165
ps_PrepaTacheVirtuelleParagraphe_S;3604
ps_PrepaTacheVirtuelleParagraphe_Transferer;3642
ps_PrepaTacheVirtuelleParagraphe_TransfertList;2110
ps_PrepaTacheVirtuelleParagrapheUnitePhysique_D;2568
ps_PrepaTacheVirtuelleParagrapheUnitePhysique_IU;2977
ps_PrepaTacheVirtuelleParagrapheUnitePhysique_S;3604
ps_PrepaTacheVituelle_NextCode;3244
ps_PrepaTacheVituelle_S;3828
ps_PrepaUnitePhysiqueReference_D;3483
ps_PrepaUnitePhysiqueReference_IU;3428
ps_PrepaUnitePhysiqueReference_S;3610
ps_Probmis_Annonce;2172
ps_PSFE_AjustementImputation;2910
ps_PSFE_Article_Del;2103
ps_PSFE_Article_Ins;3312
ps_PSFE_Article_Upd;2388
ps_PSFE_CadrageDGB_Enregistrer;2151
ps_PSFE_CorbeilleAC;2305
ps_PSFE_CorbeilleAT;2139
ps_PSFE_CorbeillePG;3372
ps_PSFE_CtrlChargement_BIPCreditDelegue;3658
ps_PSFE_D_tblPSFEParagraphe;3907
ps_PSFE_D_tblPSFETache;1914
ps_PSFE_DelegUnq_CA;2602
ps_PSFE_Export_BaseExe;2394
ps_PSFE_Export_BaseExeAll;3128
ps_PSFE_Export_BaseExeOld;2256
ps_PSFE_Export_BaseExeOld2;2410
ps_PSFE_Export_BasePrepa;2142
ps_PSFE_Export_BasePrepaOld;3192
ps_PSFE_Export_BasePrepaOld2;3653
ps_PSFE_Export_BasePrepaOld3;2950
ps_PSFE_Export_Bip;3435
ps_PSFE_Export_BipAll;2122
ps_PSFE_Export_BipOld;3767
ps_PSFE_Export_BipOld2;2379
ps_PSFE_Export_DelegUnq;3297
ps_PSFE_Export_DelegUnqAll;3622
ps_PSFE_Export_DelegUnqGeneration;2228
ps_PSFE_Export_DelegUnqOld;3874
ps_PSFE_Export_DelegUnqOld2;3559
ps_PSFE_Export_DelUnqAllNew;2597
ps_PSFE_FicheProjet_Charges;3399
ps_PSFE_FicheProjet_SF;2824
ps_PSFE_I_tblPSFEParagraphe;3558
ps_PSFE_I_tblPSFEParagrapheMin;2268
ps_PSFE_MiseAJourBIP_AT;3981
ps_PSFE_MiseAJourBIP_TA;2681
ps_PSFE_OperationCreditDisponible;2613
ps_PSFE_RPT_Article_PC_incomptatible;3145
ps_PSFE_RPT_Budget_BF_BIP_FINEX;2661
ps_PSFE_RPT_BudgetEtat_Categorie;3765
ps_PSFE_RPT_BudgetEtat_CategorieEtRegion;2198
ps_PSFE_RPT_BudgetEtat_CategorieGraphe;2149
ps_PSFE_RPT_BudgetEtat_CategorieRecap;2632
ps_PSFE_RPT_BudgetEtat_Chapitre;3890
ps_PSFE_RPT_BudgetEtat_Chapitre_Comparaison;3753
ps_PSFE_RPT_BudgetEtat_ChapitreGraphe1;3253
ps_PSFE_RPT_BudgetEtat_ChapitreGraphe11;2255
ps_PSFE_RPT_BudgetEtat_ChapitreGraphe12;3438
ps_PSFE_RPT_BudgetEtat_ChapitreGraphe2;3075
ps_PSFE_RPT_BudgetEtat_ChapitreNonReparti;2199
ps_PSFE_RPT_BudgetEtat_ChapitreNouveau;3645
ps_PSFE_RPT_BudgetEtat_ChapitreRecap;3394
ps_PSFE_RPT_BudgetEtat_ChapitreSecteur;3557
ps_PSFE_RPT_BudgetEtat_GrapheGlobal;2037
ps_PSFE_RPT_BudgetEtat_GrapheGlobalTypeDepense;3000
ps_PSFE_RPT_BudgetEtat_GrapheGlobalTypeDepense_EXEC;3685
ps_PSFE_RPT_BudgetEtat_SecteurGraphe1;2876
ps_PSFE_RPT_BudgetEtat_SecteurGraphe2;2872
ps_PSFE_RPT_BudgetEtat_SecteurGraphe3;3509
ps_PSFE_RPT_BudgetEtat_SecteurGraphe4;2598
ps_PSFE_RPT_BudgetGeneralParMinistereEtRegion;3040
ps_PSFE_RPT_CadrageAll;3467
ps_PSFE_RPT_CadrageDGB;2206
ps_PSFE_RPT_CadrageDGB_Secteur;2302
ps_PSFE_RPT_CadrageGrandeMasse;3121
ps_PSFE_RPT_CadragePG;2441
ps_PSFE_RPT_CadragePGAll;2251
ps_PSFE_RPT_CadrageProgrammeView;2772
ps_PSFE_RPT_CadrageSourceFinancement;2230
ps_PSFE_RPT_CadreLogique;2097
ps_PSFE_RPT_CadreLogiqueCH;3196
ps_PSFE_RPT_ChargeBudgetaire;1969
ps_PSFE_RPT_ChargeBudgetairePGAC;2178
ps_PSFE_RPT_ComiteCdmtBudgetComparaison;3045
ps_PSFE_RPT_DepenseFpPgAc;2756
ps_PSFE_RPT_DepensesParFonctionEtNatureEco;2857
ps_PSFE_RPT_DepensesParSecteurEtNatureEco;3731
ps_PSFE_RPT_DepInvEtCourFctPgAr;3375
ps_PSFE_RPT_DeveloppementDepenses;3751
ps_PSFE_RPT_DeveloppementDepenses_Chapitre;2332
ps_PSFE_RPT_DeveloppementDepenses_Chapitre_EXEC;2938
ps_PSFE_RPT_DeveloppementDepenses_Chapitre_PLURI;2150
ps_PSFE_RPT_DeveloppementDepenses_EXEC;2314
ps_PSFE_RPT_DeveloppementDepenses_PLURI;2488
ps_PSFE_RPT_FonctionParChapitre;2661
ps_PSFE_RPT_Graphe_Android;2762
ps_PSFE_RPT_JPI;2120
ps_PSFE_RPT_JPI_Recap;2889
ps_PSFE_RPT_JPI_Sommaire;3836
ps_PSFE_RPT_ListeProgramme;3439
ps_PSFE_RPT_PPA;2854
ps_PSFE_RPT_PPA_Operateur;3356
ps_PSFE_RPT_PPA_PresentationCredit;2446
ps_PSFE_RPT_PPA_PresentationCredit_Recap;2288
ps_PSFE_RPT_PPA_PresentationProgrammeEtActions;2605
ps_PSFE_RPT_PPA_ProgrammeObjectif;3150
ps_PSFE_RPT_PPA_Projet;2490
ps_PSFE_RPT_PPA_Projet_ListePG;2506
ps_PSFE_RPT_ProjetBIP;2477
ps_PSFE_RPT_ProjetMINEPAT;3400
ps_PSFE_RPT_PTA;2973
ps_PSFE_RPT_TraceParagraphe;3738
ps_PSFE_RPT_TraceParagrapheJournalier;3279
ps_PSFE_SL_ActiviteParCategorieArticle;3646
ps_PSFE_SL_CadrageAll;1907
ps_PSFE_SL_CadrageBF;2454
ps_PSFE_SL_CadrageBF_edit;2891
ps_PSFE_SL_CadrageBIP;3983
ps_PSFE_SL_CadrageBIP_edit;2832
ps_PSFE_SL_ImputationPrecArticle;3888
ps_PSFE_U_tblPSFEParagraphe;3490
ps_Rpt_Suivi_Graph;3275
ps_RptSuivi_2015_CHBPBN;3771
ps_RptSuivi_2015_Engagement;1940
ps_RptSuivi_2015_Liquidation;3131
ps_RptSuivi_2015_RealisationBP;3661
ps_RptSuivi_2015_RealisationPhysique;2377
ps_RptSuivi_2015_RealisationRegion;2683
ps_RptSuivi_2015_RealisationRGBP;3514
ps_RptSuivi_2015_RealisationRGRecap;3642
ps_RptSuivi_2015_RealisationTache;3739
ps_RptSuivi_2016_Repartition_CHPG;3779
ps_RptSuivi_adHoc_RealisationRGBP;2409
ps_RptSuivi_CalendrierConsoCredit;2455
ps_RptSuivi_CalendrierPrevConsoCredit;2763
ps_RptSuivi_Engagement;2140
ps_RptSuivi_Liquidation;3202
ps_RptSuivi_OperationRGCH;3745
ps_RptSuivi_RealisationPhysique;3699
ps_RptSuivi_RealisationRGBP;3007
ps_RptSuivi_RealisationRGRecap;2394
ps_RptSuivi_SituationCHBP;2453
ps_RptSuivi_SituationCHBP_ERREURDISPO;3038
ps_RptSuivi_SituationConsolidee;1999
ps_strategie_Action_D;3732
ps_strategie_Action_IU;2955
ps_strategie_Action_S;3318
ps_strategie_Action_SL;2038
ps_strategie_D;1915
ps_strategie_IU;2068
ps_strategie_Modele_D;3335
ps_strategie_Modele_IU;2884
ps_strategie_Modele_S;3929
ps_strategie_Modele_SL;3994
ps_strategie_S;3431
ps_strategie_SL;3509
ps_strategieParChapitre_SL;2034
ps_Suivi_AEP_SL;1918
ps_Suivi_BSG_SL;3440
ps_SuiviAction_D;2147
ps_SuiviAction_I;3056
ps_SuiviAction_IU;2390
ps_SuiviAction_S;3743
ps_SuiviAction_SL;3918
ps_SuiviAction_U;2303
ps_SuiviAction_VL;2270
ps_SuiviActionAnnexe_D;2762
ps_SuiviActionAnnexe_IU;3802
ps_SuiviActionAnnexe_S;2123
ps_SuiviActionAnnexe_VL;3108
ps_SuiviActionIndicateur_D;3555
ps_SuiviActionIndicateur_I;3814
ps_SuiviActionIndicateur_IU;2533
ps_SuiviActionIndicateur_S;2508
ps_SuiviActionIndicateur_SL;2934
ps_SuiviActionIndicateur_U;2970
ps_SuiviActionIndicateur_VL;3584
ps_SuiviActionObjectif_D;3213
ps_SuiviActionObjectif_I;2457
ps_SuiviActionObjectif_IU;2829
ps_SuiviActionObjectif_S;3582
ps_SuiviActionObjectif_SL;2586
ps_SuiviActionObjectif_U;3453
ps_SuiviActionObjectif_VL;2925
ps_SuiviProgramme_D;3748
ps_SuiviProgramme_I;3185
ps_SuiviProgramme_IU;2874
ps_SuiviProgramme_S;3482
ps_SuiviProgramme_SL;2226
ps_SuiviProgramme_U;2531
ps_SuiviProgramme_VL;2025
ps_SuiviProgrammeAnnexe_D;1943
ps_SuiviProgrammeAnnexe_IU;3854
ps_SuiviProgrammeAnnexe_S;2791
ps_SuiviProgrammeAnnexe_VL;3787
ps_SuiviProgrammeIndicateur_D;2216
ps_SuiviProgrammeIndicateur_I;3400
ps_SuiviProgrammeIndicateur_IU;3289
ps_SuiviProgrammeIndicateur_S;2015
ps_SuiviProgrammeIndicateur_SL;3260
ps_SuiviProgrammeIndicateur_U;3817
ps_SuiviProgrammeIndicateur_VL;2018
ps_SuiviProgrammeObjectif_D;3608
ps_SuiviProgrammeObjectif_I;2157
ps_SuiviProgrammeObjectif_IU;2229
ps_SuiviProgrammeObjectif_S;2212
ps_SuiviProgrammeObjectif_SL;3619
ps_SuiviProgrammeObjectif_U;2089
ps_SuiviProgrammeObjectif_VL;2541
ps_SuiviRap_D;2134
ps_SuiviRap_I;1917
ps_SuiviRap_IU;3509
ps_SuiviRap_LOCK;3481
ps_SuiviRap_S;2275
ps_SuiviRap_Saisie;3284
ps_SuiviRap_SL;3052
ps_SuiviRap_U;2747
ps_tbl_NatureEconomique_S;2628
ps_tbl_NatureEconomique_SL;3211
ps_tbl_PSFELoiFinance_SL;3001
ps_tblAgentBudgetairePieces_D;2735
ps_tblAgentBudgetairePieces_I;3902
ps_tblAgentBudgetairePieces_List;3375
ps_tblAgentBudgetaireRecherche;3987
ps_tblArticle_Copie;3301
ps_tblArticle_IU;3085
ps_tblArticle_SL;3924
ps_tblCategorie_D;3913
ps_tblCategorie_IU;3651
ps_tblChapitre_SL;3165
ps_tblOrdonnateur_D;3907
ps_tblOrdonnateur_I;2567
ps_tblOrdonnateur_SL;3322
ps_tblOrdonnateur_U;3040
ps_tblOrdonne_D;2886
ps_tblOrdonne_I;2964
ps_tblOrdonne_SL;2685
ps_tblPSFECadrageDynamique_D;3712
ps_tblPSFECadrageDynamique_IU;3088
ps_tblPSFECadrageDynamique_S;3649
ps_tblPSFECadrageGMBF_IU;2260
ps_tblPSFECadrageGMBIP_IU;3586
ps_tblPSFEChapitreBlocageException_D;3395
ps_tblPSFEChapitreBlocageException_IU;3879
ps_tblPSFEChapitreBlocageException_S;2609
ps_tblPSFEChapitreFonction_D;3824
ps_tblPSFEChapitreFonction_IU;3171
ps_tblPSFEUnitePhysique_IU;2615
ps_tblPSFEUserChapitre_D;2474
ps_tblPSFEUserChapitre_IU;2313
ps_tblPSFEUserChapitre_S;3983
ps_tmp_ChargerUP;3821
ps_tmp_Liquidation;2438
ps_tmp_TransfertCommune;3653
ps_UpdateOd_AJ;3332
ps_Z_Minepat;2366
psAddProfilChapToUser;2677
psAddProfilToGroup;2979
psAddUserToGroup;2599
psAjustement;3255
psAjustementBienEtServices_Chap40_Exo42;3355
psAjustementOperation;3881
psAnnulerOuverturePreparationBudget;2353
psCheckDataIntegrity_BIP;2602
psCommuneAddComplement;3248
psCommuneAddNatureEco;3886
psCommuneAddNew;2223
psDelActivite;2998
psDelActiviteArticle;2654
psDelArticle;3503
psDelArticlesActivite;2021
psDelArticlesObjectif;3135
psDelArticlesSansImputations;3104
psDelCategorie;2574
psDelChapitre;2492
psDelChapitresObjectif;3627
psDelClasse;2966
psDelCompte;3258
psDelContinent;2921
psDelDelegationsCredits;2668
psDelDepartement;2331
psDelDistrict;2285
psDeleg_Extrait;2066
psDeleteRetrievedBIP;2964
psDelExercice;2406
psDelFonctionPrincipale;2770
psDelFonctionSecondaire;3346
psDelGroupe;2688
psDelGroupeEconomique;2463
psDelImputation;2585
psDelImputationsObjectif;2364
psDelImputationsSansDotation;3910
psDelImputProgramme;3268
psDelLocaliteExterieure;2836
psDelNatureEconomique;3579
psDelObjectif;3251
psDelObjectifArticle;1934
psDelObjectifChapitre;2117
psDelOperation;3000
psDelOperationsActivite;1957
psDelOperProgramme;3712
psDelOrdonnateur;3072
psDelPays;3117
psDelPosteComptable;3148
psDelProvince;3948
psDelSecteur;2466
psDelUnite;3188
psDelUser;2604
psDvpDepense;3536
psDvpDepense_Old;2671
psDvpDepenseUs;2793
psDvpDepenseUs_Old;3428
psGenerateBF;2511
psGetArrondissement;3067
psGetArticlesActivite;3090
psGetArticlesBFMalAssignes;1930
psGetArticlesDouble;2235
psGetArticlesMalLocalises;3342
psGetArticlesObjectif;1994
psGetArticlesObjectif_old;3963
psGetArticlesScesCentrauxLongueurOnze;2926
psGetArticlesScesCentrauxSansPC;2486
psGetChapitresObjectif;3391
psGetContinent;2838
psGetCreditsBIPMalAssignes;2238
psGetCreditsBIPMalAssignes_OK;3623
psGetCreditsDeleguesBIPGestionCentrale;2727
psGetCreditsDeleguesParPosteComptable;3492
psGetDelegationsCreditsMalAssignes;3547
psGetDelegationUnique;3195
psGetDepartement;2230
psGetDistrict;3167
psGetFonctionPrincipale;3197
psGetFonctionSecondaire;2648
psGetHistoriqueProcess;2342
psGetImputationsExport;2713
psGetLocaliteExterieure;2571
psGetNatureEconomique;3328
psGetOperation;3640
psGetPays;2053
psImportDelegationsCredits;3923
psInsActivite;2148
psInsActiviteArticle;2238
psInsArticle;2372
psInsCategorie;2654
psInsChapitre;3534
psInsClasse;3723
psInsCompte;2673
psInsDepartement;3235
psInsDistrict;3579
psInsertSalaire;2533
psInsExercice;2942
psInsFonctionPrincipale;2125
psInsFonctionSecondaire;2951
psInsGroupe;3048
psInsGroupeEconomique;3441
psInsImputation;2556
psInsImputProgramme;1917
psInsLocaliteExterieure;2008
psInsNatureEconomique;3697
psInsObjectif;2425
psInsObjectifArticle;2520
psInsObjectifChapitre;3004
psInsObjectifImputation;3397
psInsOperation;3669
psInsOperProgramme;2003
psInsOrdonnateur;2791
psInsPays;3278
psInsPosteComptable;3098
psInsSecteur;3795
psInsUnite;3286
psInsUser;2747
psIsAlreadyRetrievedBIP;3741
psOuverturePreparationBudget;3667
psPrebicReorganisationMinisterielle;2875
psPrevisionsParRegion;3698
psPrevisionsParRegionUs;1947
psProductAdministrative;3538
psProductAdministrativeUnifie;2615
psProductAdministrativeUnifieUs;3050
psProductAdministrativeUs;3123
psProductBesoinsFonctionnelle;3733
psProductBesoinsParGrandeMasse;3865
psProductBudgetCrossedArray;3769
psProductBudgetCrossedArray_old;2416
psProductBudgetCrossedArrayUs;3417
psProductBudgetCrossedArrayUs_old;1945
psProductBudgetDecentralisation;2399
psProductBudgetGeneralMinisteriel;2631
psProductBudgetGeneralMinisterielUS;3416
psProductBudgetParGrandeMasse;3089
psProductBudgetParGrandeMasseImpots;2215
psProductBudgetParGrandeMasseImpotsUs;2373
psProductBudgetParGrandeMasseUS;2108
psProductBudgetRegionalAvecFinex;3413
psProductBudgetRegionalAvecFinexUs;3706
psProductCadrageBudgetaire;2119
psProductDefinitif;2263
psProductDefinitifUs;2493
psProductDepProgramme;3358
psProductDepProgrammeUs;3824
psProductEconomique;3045
psProductEconomiqueUnifie;2295
psProductEconomiqueUnifieUs;3805
psProductEconomiqueUs;2843
psProductEcoUnifieAvecFinex;3288
psProductEcoUnifieAvecFinexUs;2518
psProductFonctionnelle;3719
psProductFonctionnelle_;2703
psProductFonctionnelleMultiExoUnifie;3757
psProductFonctionnelleMultiExoUnifieUs;3485
psProductFonctionnelleUnifie;3651
psProductFonctionnelleUnifie_old;3500
psProductFonctionnelleUnifieUs;1970
psProductFonctionnelleUnifieUs_old;3897
psProductFonctionnelleUs;3512
psProductJournalProjetBIP;3472
psProductJournalProjetBIPUS;2949
psProductJournalProjetBIPUS_1;3433
psProductJP_BIPDepartemental;3390
psProductJP_BIPDepartemental__;1982
psProductJP_BIPDepartemental_1;2788
psProductJP_BIPDepartemental_2;3131
psProductJP_BIPDepartementalUS;2810
psProductJP_BIPDepartementalUs_1;2909
psProductJP_BIPDepartementalUS_2;3925
psProductJP_BIPMinisteriel;3292
psProductJP_BIPMinisterielUs;3606
psProductJP_BIPRegional;1910
psProductJP_BIPRegional_1;2088
psProductJP_BIPRegionalUs;3395
psProductProjet;2440
psProductProjetUnifie;2746
psProductProjetUnifie_0old;3421
psProductProjetUnifie_old;3513
psProductProjetUnifieUs;1968
psProductProjetUnifieUs_0old;3060
psProductProjetUnifieUs_old;2695
psProductProjetUs;3091
psProductProjetUsUnifie;3968
psProductSuiviBudgetaireFonctionnelleMultiExo;2737
psProductSuiviBudgetaireMultiExo;3397
psProductSuiviBudgetaireMultiExo_old;3076
psRecapProgramme;2984
psRecapProgrammeUs;3458
psRetrieveBudgetVoted_MINEDUB;2472
psSaveRetrievedBIP;2433
psSaveRetrievedBIP_Old;3451
psSetDelegationUnique;2874
psUpdActivite;3028
psUpdActiviteArticle;2016
psUpdArticle;2986
psUpdCategorie;3579
psUpdChapitre;2361
psUpdClasse;2260
psUpdCompte;1930
psUpdDepartement;3963
psUpdDistrict;3268
psUpdExercice;1997
psUpdFonctionPrincipale;2095
psUpdFonctionSecondaire;2339
psUpdGroupe;2759
psUpdGroupeEconomique;3166
psUpdImputation;2530
psUpdImputProgramme;2240
psUpdLocaliteExterieure;2327
psUpdNatureEconomique;3802
psUpdObjectif;3713
psUpdObjectifArticle;3790
psUpdObjectifChapitre;2106
psUpdObjectifImputation;2091
psUpdOperation;2130
psUpdOperProgramme;2293
psUpdOrdonnateur;2536
psUpdPays;3513
psUpdPosteComptable;2059
psUpdSecteur;3131
psUpdUnite;2846
psUpdUser;2030
