procedureName;procedureSequence;abbreviation;correspondance
ps_Exec_CourrierTraiteStats;2602;ctst;xx_524_c26ctst02s
ps_Exec_CourrierUserPosteTraitement_D;2484;cupt;xx_524_c24cupt84d
ps_Exec_CourrierUserPosteTraitement_I;2463;cupt;xx_524_c24cupt63i
ps_Exec_CourrierUserPosteTraitement_U;2479;cupt;xx_524_c24cupt79u
ps_Exec_Couverture_Regroupement;3916;core;xx_524_c39core16t
ps_Exec_CPCompta;2319;cpco;xx_524_c23cpco19a
ps_Exec_CPComptaPC;1955;ccpc;xx_524_c19ccpc55c
ps_Exec_Create_Code;2342;crco;xx_524_c23crco42e
ps_Exec_Create_CodeLiquidation;3287;ccli;xx_524_c32ccli87n
ps_Exec_Create_Liste_LiquidationUserPrint;3578;cllu;xx_524_c35cllu78t
ps_Exec_CreateLiquidationUserPrint_I;2390;clup;xx_524_c23clup90i
ps_Exec_CreateListe_Liquidation;2801;clli;xx_524_c28clli01n
ps_Exec_Dac_Acteur_SL;2960;dasl;xx_524_d29dasl60l
ps_Exec_DAC_D;2615;dadd;xx_524_d26dadd15d
ps_Exec_Dac_Etat_Bordereau_Reception_Dossier_Report;2057;debr;xx_524_d20debr57t
ps_Exec_Dac_Etat_Bordereau_Transmission_Dossier_Report;1970;debt;xx_524_d19debt70t
ps_Exec_Dac_Etat_Rejet_Report;2584;derr;xx_524_d25derr84t
ps_Exec_Dac_Etat_Saisi_Sur_Periode_Report;3250;dess;xx_524_d32dess50t
ps_Exec_Dac_Etat_SaisiNonTransmis_Report;2792;desn;xx_524_d27desn92t
ps_Exec_DAC_I;1999;daid;xx_524_d19daid99i
ps_Exec_Dac_Mandat_Avance_Tresorerie_Report;2292;dmat;xx_524_d22dmat92t
ps_Exec_Dac_Mandat_Avance_Tresorerie_Report_Imprimer;2290;dmat;xx_524_d22dmat90r
ps_Exec_Dac_Marquage_OperationPaiement_Liste;3057;dmop;xx_524_d30dmop57e
ps_Exec_Dac_Marquage_OperationPayer;2041;dmop;xx_524_d20dmop41r
ps_Exec_Dac_OperationSaisie_NonTransmis_Liste;2150;dosn;xx_524_d21dosn50e
ps_Exec_Dac_PieceJointe_I;3563;dpji;xx_524_d35dpji63i
ps_Exec_Dac_PieceJointe_SL;2535;dpjs;xx_524_d25dpjs35l
ps_Exec_Dac_Reception_I;2102;drid;xx_524_d21drid02i
ps_Exec_Dac_Reception_OperationPaiement_CouvertureBudgetaire;3428;drop;xx_524_d34drop28e
ps_Exec_Dac_Reception_OperationPaiement_CP_Liste;1941;drop;xx_524_d19drop41e
ps_Exec_Dac_Receptionner_NonRejeter_Liste;3622;drnr;xx_524_d36drnr22e
ps_Exec_Dac_Recherche_By_NumDac;2875;drbn;xx_524_d28drbn75c
ps_Exec_Dac_Rejeter;2357;dare;xx_524_d23dare57r
ps_Exec_DAC_SL;1995;dasl;xx_524_d19dasl95l
ps_Exec_Dac_Transmis_NonReceptionner_Liste;3517;dtnr;xx_524_d35dtnr17e
ps_Exec_Dac_Transmission_I;3708;dtid;xx_524_d37dtid08i
ps_Exec_Dac_Transmission_OperationPaiement_CouvertureBudgetaire;3998;dtop;xx_524_d39dtop98e
ps_Exec_Dac_Transmission_OperationPaiement_CouvertureBudgetaire_Liste;2070;dtop;xx_524_d20dtop70e
ps_Exec_Dac_Type_SL;3555;dtsl;xx_524_d35dtsl55l
ps_Exec_DAC_U;2283;daud;xx_524_d22daud83u
ps_Exec_Dac_Valider;3688;dava;xx_524_d36dava88r
ps_Exec_Dac_Valider_Liste;2527;dvli;xx_524_d25dvli27e
ps_Exec_Dac_Virement_Calcul_Montant;2680;dvcm;xx_524_d26dvcm80t
ps_Exec_Dac_Virement_D;2475;dvdd;xx_524_d24dvdd75d
ps_Exec_Dac_Virement_IU;2275;dviu;xx_524_d22dviu75u
ps_Exec_Dac_Virement_SL;3971;dvsl;xx_524_d39dvsl71l
ps_Exec_DateServeur;2663;dase;xx_524_d26dase63r
ps_Exec_Deblocage_DeleteDoublons;3403;dddo;xx_524_d34dddo03s
ps_Exec_Deblocage_I;2887;deid;xx_524_d28deid87i
ps_Exec_Decision_Depense_D;1954;dddd;xx_524_d19dddd54d
ps_Exec_Decision_Depense_IU;2095;ddiu;xx_524_d20ddiu95u
ps_Exec_Decision_Depense_SL;3570;ddsl;xx_524_d35ddsl70l
ps_Exec_Decision_InfrastructureByChapitre;3130;dibc;xx_524_d31dibc30e
ps_Exec_Decision_ProjetByAction;2100;dpba;xx_524_d21dpba00n
ps_Exec_Decision_Taux_By_Id;1977;dtbi;xx_524_d19dtbi77d
ps_Exec_Decision_Taux_D;2385;dtdd;xx_524_d23dtdd85d
ps_Exec_Decision_Taux_IU;2150;dtiu;xx_524_d21dtiu50u
ps_Exec_Decision_Taux_List;3959;dtli;xx_524_d39dtli59t
ps_Exec_Decision_Transmission;3123;detr;xx_524_d31detr23n
ps_Exec_Decision_Transmission_List;2491;dtli;xx_524_d24dtli91t
ps_Exec_Decision_Transmission_Report;3091;dtre;xx_524_d30dtre91t
ps_Exec_Deleg_ExportDerby;2943;dede;xx_524_d29dede43y
ps_Exec_Deleg_MAJ;3033;dema;xx_524_d30dema33j
ps_Exec_Deleg_Marqueur;3911;dema;xx_524_d39dema11r
ps_Exec_Deleg_Marqueur_2nd;2891;dm2n;xx_524_d28dm2n91d
ps_Exec_Deleg_Marqueur_I;2201;dmid;xx_524_d22dmid01i
ps_Exec_Deleg_TriDA;2357;dtda;xx_524_d23dtda57a
ps_Exec_DelegationAuto_Report;3196;dare;xx_524_d31dare96t
ps_Exec_DelegationNonValideReport;2547;dnvr;xx_524_d25dnvr47t
ps_Exec_DelegCodeRegion;3649;dcre;xx_524_d36dcre49n
ps_Exec_DelegImportCodeRegion;3438;dicr;xx_524_d34dicr38n
ps_Exec_DemandeLevee_D;2232;dldd;xx_524_d22dldd32d
ps_Exec_DemandeLevee_I;3064;dlid;xx_524_d30dlid64i
ps_Exec_DemandeLevee_U;2512;dlud;xx_524_d25dlud12u
ps_Exec_DemandesLeveesByNumControle;3171;dlbn;xx_524_d31dlbn71e
ps_Exec_Depense_Eligibilite_Evaluation_List;2893;deel;xx_524_d28deel93t
ps_Exec_DepenseCommuneParAdministrationBenef;3346;dcpa;xx_524_d33dcpa46f
ps_Exec_DepenseCommuneParArticle;2892;dcpa;xx_524_d28dcpa92e
ps_Exec_DepenseCommuneParArticleProcedure;1998;dcpa;xx_524_d19dcpa98e
ps_Exec_DepenseCommuneParArticleTitre;2578;dcpa;xx_524_d25dcpa78e
ps_Exec_DepenseCommuneParTitre;3264;dcpt;xx_524_d32dcpt64e
ps_Exec_DepenseCommuneParTypeProcedure;2901;dcpt;xx_524_d29dcpt01e
ps_Exec_DepenseCommunePlus100Million;3949;dcp1;xx_524_d39dcp149n
ps_Exec_DepenseCommuneSituationDetaille;3197;dcsd;xx_524_d31dcsd97e
ps_Exec_DeplacerPosteComptable;3877;dpco;xx_524_d38dpco77e
ps_Exec_Disponible;2719;disp;xx_524_d27disp19e
ps_Exec_DocumentFind;3736;dofi;xx_524_d37dofi36d
ps_Exec_Dotation_Budgetaire_Par_Categorie_Biens_Services;2129;dbpc;xx_524_d21dbpc29s
ps_Exec_Dotation_Budgetaire_Par_Chapitre_Categorie_Biens_Services;3240;dbpc;xx_524_d32dbpc40s
ps_Exec_Dotation_Budgetaire_Par_NatureEco_Categorie_Biens_Services;2442;dbpn;xx_524_d24dbpn42s
ps_Exec_EmettreCourrierDossier;2501;ecdo;xx_524_e25ecdo01r
ps_Exec_Emission_I;3607;emie;xx_524_e36emie07i
ps_Exec_Engagement_Avec_Contribuable_Budgetaire;2746;eacb;xx_524_e27eacb46e
ps_Exec_EngagementBenef;2167;enbe;xx_524_e21enbe67f
ps_Exec_EngagementPT_Report;3071;epre;xx_524_e30epre71t
ps_Exec_ExceptionArret_G;3124;eage;xx_524_e31eage24g
ps_Exec_ExceptionArret_I;3087;eaie;xx_524_e30eaie87i
ps_Exec_ExceptionArret_R;2430;eare;xx_524_e24eare30r
ps_Exec_Execution_Bip_BudgetChPgAcPj;2396;ebbc;xx_524_e23ebbc96j
ps_Exec_Execution_Bip_JournalProjetCH_IM_PGACPJ_MG;1947;ebjp;xx_524_e19ebjp47g
ps_Exec_ExecutionParChapitre;3808;epch;xx_524_e38epch08e
ps_Exec_Exercice_By_Id;2579;ebid;xx_524_e25ebid79d
ps_Exec_ExerciceExport;2090;exex;xx_524_e20exex90t
ps_Exec_ExerciceList;3289;exli;xx_524_e32exli89t
ps_Exec_Export_AC;3672;exac;xx_524_e36exac72c
ps_Exec_Export_AE;2376;exae;xx_524_e23exae76e
ps_Exec_Export_AG;2328;exag;xx_524_e23exag28g
ps_Exec_Export_AR;3474;exar;xx_524_e34exar74r
ps_Exec_Export_AT;3559;exat;xx_524_e35exat59t
ps_Exec_Export_AutorisationEngagement;3987;eaen;xx_524_e39eaen87t
ps_Exec_Export_BA;3335;exba;xx_524_e33exba35a
ps_Exec_Export_BC;2275;exbc;xx_524_e22exbc75c
ps_Exec_Export_BC_New;3160;ebne;xx_524_e31ebne60w
ps_Exec_Export_bonExporte;2536;ebex;xx_524_e25ebex36e
ps_Exec_Export_bonExporte_New;3915;eben;xx_524_e39eben15w
ps_Exec_Export_bonRetransmettre;3100;ebre;xx_524_e31ebre00e
ps_Exec_Export_bonRetransmettre_New;3222;ebrn;xx_524_e32ebrn22w
ps_Exec_Export_CA;2519;exca;xx_524_e25exca19a
ps_Exec_Export_CB;3715;excb;xx_524_e37excb15b
ps_Exec_Export_DA;3379;exda;xx_524_e33exda79a
ps_Exec_Export_DA_SE;1944;edse;xx_524_e19edse44e
ps_Exec_Export_DA_Semestre;2811;edse;xx_524_e28edse11e
ps_Exec_Export_DATA;2621;exda;xx_524_e26exda21a
ps_Exec_Export_DATA_COL;3432;edco;xx_524_e34edco32l
ps_Exec_Export_DP;2276;exdp;xx_524_e22exdp76p
ps_exec_Export_Ebon;2791;eeeb;xx_237_e27eeeb91n
ps_Exec_Export_EC;2397;exec;xx_524_e23exec97c
ps_Exec_Export_EN;2857;exen;xx_524_e28exen57n
ps_Exec_Export_getDate;1921;egda;xx_524_e19egda21e
ps_Exec_Export_getDate_New;3036;egdn;xx_524_e30egdn36w
ps_Exec_Export_LI;3342;exli;xx_524_e33exli42i
ps_Exec_Export_OC;4000;exoc;xx_524_e40exoc00c
ps_Exec_Export_OR;2215;exor;xx_524_e22exor15r
ps_Exec_Export_OR_OLD_VERSION;3642;eoov;xx_524_e36eoov42n
ps_Exec_Export_PG;3041;expg;xx_524_e30expg41g
ps_Exec_Export_SE;2330;exse;xx_524_e23exse30e
ps_Exec_Export_VI2;3373;ev2e;xx_524_e33ev2e732
ps_Exec_ExtractData;3161;exda;xx_524_e31exda61a
ps_Exec_FicheCompteUtilisateur;3468;fcut;xx_524_f34fcut68r
ps_Exec_FicheCreationCompteUtilisateur;3573;fccu;xx_524_f35fccu73r
ps_Exec_FicheRemonte;2444;fire;xx_524_f24fire44e
ps_Exec_FicheRemonte_D;2281;frdf;xx_524_f22frdf81d
ps_Exec_FicheRemonte_I;3209;frif;xx_524_f32frif09i
ps_Exec_FicheRemonte_Parent;3421;frpa;xx_524_f34frpa21t
ps_Exec_FicheRemonte_Report;3721;frre;xx_524_f37frre21t
ps_Exec_FicheRemonte_SaisiDep;2236;frsd;xx_524_f22frsd36p
ps_Exec_FicheRemonte_TransfererCentral;2271;frtc;xx_524_f22frtc71l
ps_Exec_FicheRemonte_TransfererFromRegion;3715;frtf;xx_524_f37frtf15n
ps_Exec_FicheRemonte_TransfererFromRegion_SupprLigne;3122;frtf;xx_524_f31frtf22e
ps_Exec_FicheRemonte_U;2749;fruf;xx_524_f27fruf49u
ps_Exec_FicheRemonteAnnulerValidation;2453;frav;xx_524_f24frav53n
ps_Exec_FicheRemonteByAutDep;2056;frba;xx_524_f20frba56p
ps_Exec_FicheRemonteValider;2549;frva;xx_524_f25frva49r
ps_Exec_FindCarnetByNumBon;3496;fcbn;xx_524_f34fcbn96n
ps_Exec_FonctionPrincipal_SL;3222;fpsl;xx_524_f32fpsl22l
ps_Exec_FRM;2837;frmf;xx_524_f28frmf37m
ps_Exec_FRMatrice;2120;frma;xx_524_f21frma20e
ps_Exec_From_fn_Exec_ActeJuridique_Consomme;3515;ffea;xx_524_f35ffea15e
ps_Exec_From_fn_Exec_Paragraphe_AEDisponible;3042;ffep;xx_524_f30ffep42e
ps_Exec_FTA;3613;ftaf;xx_524_f36ftaf13a
ps_Exec_FTA_Disponible;3837;ftdi;xx_524_f38ftdi37e
ps_Exec_Get_ArticleBudgetaireByKey;3191;gabb;xx_524_g31gabb91y
ps_Exec_Get_Association_Nouveau_Matricule_Ordonnateur;3396;ganm;xx_524_g33ganm96r
ps_Exec_Get_ChapitreBeneficiaire;3726;gcbe;xx_524_g37gcbe26e
ps_Exec_Get_Contribuable_By_RaisonSocial;3497;gcbr;xx_524_g34gcbr97l
ps_Exec_Get_List_Bons_By_Exe_Chap;3093;glbb;xx_524_g30glbb93p
ps_Exec_Get_NumCompteBancaireByNumBon;3822;gncb;xx_524_g38gncb22n
ps_Exec_Get_Tache_By_Activite;3312;gtba;xx_524_g33gtba12e
ps_Exec_GetAccreditationsReport;2657;gare;xx_524_g26gare57t
ps_Exec_GetAgentAccreditations;2273;gaac;xx_524_g22gaac73s
ps_Exec_GetAgentHabilite;1931;gaha;xx_524_g19gaha31e
ps_Exec_GetAgentHabiliteRetrait;3606;gahr;xx_524_g36gahr06t
ps_Exec_GetArrondissementsByIdDepartement;3164;gabi;xx_524_g31gabi64t
ps_Exec_GetArticleBudgetaireByCategorieRegion;2213;gabb;xx_524_g22gabb13n
ps_Exec_GetBaremeMissionByType;3099;gbmb;xx_524_g30gbmb99e
ps_Exec_GetBonParagrapheByAE;2018;gbpb;xx_524_g20gbpb18e
ps_Exec_GetBonTransmission;2818;gbtr;xx_524_g28gbtr18n
ps_Exec_GetBonTransmission_Annulation;2065;gbta;xx_524_g20gbta65n
ps_Exec_GetCarnetEmisByControle;3795;gceb;xx_524_g37gceb95e
ps_Exec_GetContribuableBudgetaireByNum;3439;gcbb;xx_524_g34gcbb39m
ps_Exec_GetContribuableByNum;2070;gcbn;xx_524_g20gcbn70m
ps_Exec_GetContribuableByNumContribuable;2026;gcbn;xx_524_g20gcbn26e
ps_Exec_GetControleFinancierByTypeControle;3613;gcfb;xx_524_g36gcfb13e
ps_Exec_GetDepartementsByIdRegion;3425;gdbi;xx_524_g34gdbi25n
ps_Exec_GetFonctionPrincipaleBySecteur;2578;gfpb;xx_524_g25gfpb78r
ps_Exec_GetFonctionPrincipalesByUserChapitre;2954;gfpb;xx_524_g29gfpb54e
ps_Exec_GetImputation;3609;geim;xx_524_g36geim09n
ps_Exec_GetImputationByPaID;3964;gibp;xx_524_g39gibp64d
ps_Exec_GetListContribuableBudgetaire;3432;glcb;xx_524_g34glcb32e
ps_Exec_GetListeCourrierDossierPieceByCourrierDossierId;3880;glcd;xx_524_g38glcd80d
ps_Exec_GetLocaliteExterieursByPays;2802;gleb;xx_524_g28gleb02s
ps_Exec_GetMaxNumOrdreByCategorie;2453;gmno;xx_524_g24gmno53e
ps_Exec_GetObjectifsProgramme;2482;gopr;xx_524_g24gopr82e
ps_Exec_GetPaysByContinent;1960;gpbc;xx_524_g19gpbc60t
ps_Exec_GetPosteComptable;2432;gpco;xx_524_g24gpco32e
ps_Exec_GetPosteComptable_NV;3325;gpcn;xx_524_g33gpcn25v
ps_Exec_GetPosteComptableArrById;3685;gpca;xx_524_g36gpca85d
ps_Exec_GetPosteComptableByCodeExecution;2860;gpcb;xx_524_g28gpcb60n
ps_Exec_GetPosteComptableDepById;2999;gpcd;xx_524_g29gpcd99d
ps_Exec_GetPosteComptableRegionByID;2889;gpcr;xx_524_g28gpcr89d
ps_Exec_GetPosteTraitementbyCode;3656;gptc;xx_524_g36gptc56e
ps_Exec_GetRegionsByExercice;2241;grbe;xx_524_g22grbe41e
ps_Exec_GetUnites;3512;geun;xx_524_g35geun12s
ps_Exec_GetVirement_By_VirementId;2157;gvbv;xx_524_g21gvbv57d
ps_Exec_GetVirement_By_VirementProjetId;3486;gvbv;xx_524_g34gvbv86d
ps_Exec_GrandeMasse_Update;2085;gmup;xx_524_g20gmup85e
ps_Exec_Groupe;3237;grou;xx_524_g32grou37e
ps_Exec_Groupe_Controleur_MAJ;2291;gcma;xx_524_g22gcma91j
ps_Exec_Groupe_IU;3241;griu;xx_524_g32griu41u
ps_Exec_IBIS_AnnulerTransfert;3839;iatr;xx_524_i38iatr39t
ps_Exec_IBIS_AnnulTransfert;3589;iatr;xx_524_i35iatr89t
ps_Exec_IBIS_CaisseAvMouvement;1913;icam;xx_524_i19icam13t
ps_Exec_IBIS_CaisseMouvement;3078;icmo;xx_524_i30icmo78t
ps_Exec_IBIS_Carnet;1986;ibca;xx_524_i19ibca86t
ps_Exec_IBIS_GenererFichier;3543;igfi;xx_524_i35igfi43r
ps_Exec_IBIS_InsertCaisseAv;3353;iica;xx_524_i33iica53v
ps_Exec_IBIS_InsertCarnet;3705;iica;xx_524_i37iica05t
ps_Exec_IBIS_Saisie;3241;ibsa;xx_524_i32ibsa41e
ps_Exec_IBIS_Select;2431;ibse;xx_524_i24ibse31t
ps_Exec_IBIS_Virement;2742;ibvi;xx_524_i27ibvi42t
ps_Exec_IBIS_VirementCADRE;3250;ivca;xx_524_i32ivca50e
ps_Exec_IBIS_VirementMouvement;2551;ivmo;xx_524_i25ivmo51t
ps_Exec_IBIS_VirementMouvementCADRE;3735;ivmc;xx_524_i37ivmc35e
ps_Exec_Immobilisation_By_PVReception;2327;ibpr;xx_524_i23ibpr27n
ps_Exec_Immobilisation_By_PVReceptionPourFicheImmo ;1947;ibpr;xx_524_i19ibpr47 
ps_Exec_Immobilisation_D;2153;imdi;xx_524_i21imdi53d
ps_Exec_Immobilisation_FactureLignePourFicheImmo;3500;iflp;xx_524_i35iflp00o
ps_Exec_Immobilisation_IU;3815;imiu;xx_524_i38imiu15u
ps_Exec_Immobilisation_NatureEcoByCode;2686;ineb;xx_524_i26ineb86e
ps_Exec_Immobilisation_NatureEcoExclusionD;2975;inee;xx_524_i29inee75d
ps_Exec_Immobilisation_NatureEcoExclusionI;3134;inee;xx_524_i31inee34i
ps_Exec_Immobilisation_Report;2797;imre;xx_524_i27imre97t
ps_Exec_Immobilisation_SL;3608;imsl;xx_524_i36imsl08l
ps_Exec_ImmobilisationFonction_SL;3157;ifsl;xx_524_i31ifsl57l
ps_Exec_ImmobilisationGenreSLByFonction;2098;igsb;xx_524_i20igsb98n
ps_Exec_ImmobilisationTypeMarqueByGenre;3597;itmb;xx_524_i35itmb97e
ps_Exec_ImmobilisationTypeOperation;3092;itop;xx_524_i30itop92n
ps_Exec_IndiceGroupeFonction_I;2124;igfi;xx_524_i21igfi24i
ps_Exec_IndiceZone_SL;1924;izsl;xx_524_i19izsl24l
ps_Exec_InsertFinex;2036;infi;xx_524_i20infi36x
ps_Exec_InsertSalaire;2264;insa;xx_524_i22insa64e
ps_Exec_Levee_D;3188;ledl;xx_524_l31ledl88d
ps_Exec_Levee_I;2660;leil;xx_524_l26leil60i
ps_Exec_Levee_U;2098;leul;xx_524_l20leul98u
ps_Exec_LeveeExo;3283;leex;xx_524_l32leex83o
ps_Exec_LeveeMorcel;2016;lemo;xx_524_l20lemo16l
ps_Exec_LigneDebloque;3421;lide;xx_524_l34lide21e
ps_Exec_List_Bons_A_Receptionner_Pour_Liquidation;2167;lbar;xx_524_l21lbar67n
ps_Exec_List_Bons_By_Bordereau_Transmission_Pour_Controle_Conformite;2725;lbbb;xx_524_l27lbbb25e
ps_Exec_List_Bons_By_Bordereau_Transmission_Pour_Liquidation;3296;lbbb;xx_524_l32lbbb96n
ps_Exec_List_Bons_Deja_Transmis_Pour_Liquidation;2623;lbdt;xx_524_l26lbdt23n
ps_Exec_List_Liquidations_AValider_By_Bon;2058;llav;xx_524_l20llav58n
ps_Exec_List_Liquidations_By_Bon;3092;llbb;xx_524_l30llbb92n
ps_Exec_List_Liquidations_NonCertifiees_By_Bon;2665;llnc;xx_524_l26llnc65n
ps_Exec_List_Liquidations_Validees_By_Bon;2476;llvb;xx_524_l24llvb76n
ps_Exec_List_Pieces_Of_Liquidation;3823;lpol;xx_524_l38lpol23n
ps_Exec_List_PiecesRapport_Of_Liquidation;2399;lpro;xx_524_l23lpro99n
ps_Exec_List_Rubriques_Of_Liquidation;3114;lrol;xx_524_l31lrol14n
ps_Exec_List_Rubriques_Of_Liquidation_ByProcedure;2822;lrol;xx_524_l28lrol22e
ps_Exec_ListeAeOuvert;3330;laou;xx_524_l33laou30t
ps_Exec_ListeAutDepNewAssigne;2859;ladn;xx_524_l28ladn59e
ps_Exec_ListeBordereauEmis;2962;lbem;xx_524_l29lbem62s
ps_Exec_ListeBordereauRecu;3787;lbre;xx_524_l37lbre87u
ps_Exec_ListeCarnetReconduit;3596;lcre;xx_524_l35lcre96t
ps_Exec_ListeCircuitByExerciceChapitre;3097;lcbe;xx_524_l30lcbe97e
ps_Exec_ListeCircuitEmission;2225;lcem;xx_524_l22lcem25n
ps_Exec_ListeContinents;3943;lico;xx_524_l39lico43s
ps_Exec_ListeContribuableEtranger;3853;lcet;xx_524_l38lcet53r
ps_Exec_ListeContribuableEtrangerReport;2046;lcer;xx_524_l20lcer46t
ps_Exec_listeCourrierDossier;2391;lcdo;xx_524_l23lcdo91r
ps_Exec_ListeCourrierDossierByExerciceChapitre;2838;lcdb;xx_524_l28lcdb38e
ps_Exec_ListeDeblocage;2582;lide;xx_524_l25lide82e
ps_Exec_ListeDemande;2572;lide;xx_524_l25lide72e
ps_Exec_ListeDossierEmisByNumBordereau;2070;ldeb;xx_524_l20ldeb70u
ps_Exec_ListeDossierEmisByNumBordereauAndPosteRecepteur;3268;ldeb;xx_524_l32ldeb68r
ps_Exec_ListeDossierRecuByNumBordereau;1947;ldrb;xx_524_l19ldrb47u
ps_Exec_ListeEngagementByChapitre;2495;lebc;xx_524_l24lebc95e
ps_Exec_ListeFonctionSecondaireSL;3259;lfss;xx_524_l32lfss59l
ps_Exec_ListeNumDeblocage;2048;lnde;xx_524_l20lnde48e
ps_Exec_ListePosteComptableByAutDep;3505;lpcb;xx_524_l35lpcb05p
ps_Exec_ListePosteTraitementAffecteByUser;3457;lpta;xx_524_l34lpta57r
ps_Exec_ListePosteTraitementByExoChapitre;3596;lptb;xx_524_l35lptb96e
ps_Exec_ListeSecteurSL;3934;lssl;xx_524_l39lssl34l
ps_Exec_ListingActeJurEnCours;2583;laje;xx_524_l25laje83s
ps_Exec_ListingActeJurReserve;2884;lajr;xx_524_l28lajr84e
ps_Exec_Marche_Decompte;3435;made;xx_524_m34made35e
ps_Exec_Marche_Transmission;2603;matr;xx_524_m26matr03n
ps_Exec_Marche_Transmission_List;2005;mtli;xx_524_m20mtli05t
ps_Exec_Marche_Transmission_Report;3548;mtre;xx_524_m35mtre48t
ps_Exec_Matricielle_AvisDeCredit;3689;madc;xx_524_m36madc89t
ps_Exec_Matricielle_AvisDeCredit_Cautionnement;2781;madc;xx_524_m27madc81t
ps_Exec_Matricielle_AvisDeCredit_RetenueGarantie;3060;madc;xx_524_m30madc60e
ps_Exec_Matricielle_BonCaisse;3536;mbca;xx_524_m35mbca36e
ps_Exec_Matricielle_OrdreVirement;2329;movi;xx_524_m23movi29t
ps_Exec_MatricielleActeJuridiqueTitre;1936;majt;xx_524_m19majt36e
ps_Exec_MatricielleAutDep_Rpt;2578;madr;xx_524_m25madr78t
ps_Exec_MatricielleBonTitre;3619;mbti;xx_524_m36mbti19e
ps_Exec_MatricielleBonTitreLiquide;3755;mbtl;xx_524_m37mbtl55e
ps_Exec_Mercuriale_F;3949;mefm;xx_524_m39mefm49f
ps_Exec_Mercuriale_SL;3554;mesl;xx_524_m35mesl54l
ps_Exec_MercurialeArticle_I;2441;maim;xx_524_m24maim41i
ps_Exec_MercurialeArticle_InitNonRef;2073;main;xx_524_m20main73f
ps_Exec_MercurialeArticlesById;3893;mabi;xx_524_m38mabi93d
ps_Exec_MercurialeGetArticles;3214;mgar;xx_524_m32mgar14s
ps_Exec_MercurialeGetLocalites;3172;mglo;xx_524_m31mglo72s
ps_Exec_MercurialeGetLocalitesById;2518;mglb;xx_524_m25mglb18d
ps_Exec_MercurialeGetRubrique;3505;mgru;xx_524_m35mgru05e
ps_Exec_MercurialeGetRubriquesRegion;1986;mgrr;xx_524_m19mgrr86n
ps_Exec_MercurialeGetSousRubrique;3647;mgsr;xx_524_m36mgsr47e
ps_Exec_MercurialePeriodeGetPeriodes;2983;mpgp;xx_524_m29mpgp83s
ps_Exec_Minepat_BudgetisationPG;3732;mbpg;xx_524_m37mbpg32g
ps_Exec_Minepat_Elements2ContenuAC;2298;me2c;xx_524_m22me2c98c
ps_Exec_Minepat_Pointage;2598;mipo;xx_524_m25mipo98e
ps_Exec_Minepat_PointageRegion;2254;mpre;xx_524_m22mpre54n
ps_Exec_MinepatDepenseARPA;3203;mdar;xx_524_m32mdar03a
ps_Exec_MinepatDepenseCHIM;3379;mdch;xx_524_m33mdch79m
ps_Exec_MinepatDepenseChPgAcPj;3381;mdcp;xx_524_m33mdcp81j
ps_Exec_MinepatJournalFinancier678;3826;mjf6;xx_524_m38mjf6268
ps_Exec_MinepatJournalProjetChIm;3415;mjpc;xx_524_m34mjpc15m
ps_Exec_MinepatJournalProjetChPgAcPj;3789;mjpc;xx_524_m37mjpc89j
ps_Exec_MinepatJournalProjetChPgAcRg;3445;mjpc;xx_524_m34mjpc45g
ps_Exec_MinepatSyntheseCoutPG;3973;mscp;xx_524_m39mscp73g
ps_Exec_Mise_A_Disposition;1973;madi;xx_524_m19madi73n
ps_Exec_MiseAJourAE_Constate;3688;maja;xx_524_m36maja88e
ps_Exec_MiseAJourAE_Reserve;2362;maja;xx_524_m23maja62e
ps_Exec_MiseEnCoherence;3456;meco;xx_524_m34meco56e
ps_Exec_Mission_D;3031;midm;xx_524_m30midm31d
ps_Exec_Mission_Indemnite_D;3636;midm;xx_524_m36midm36d
ps_Exec_Mission_Indemnite_IU;2146;miiu;xx_524_m21miiu46u
ps_Exec_Mission_Indemnite_SL;2020;misl;xx_524_m20misl20l
ps_Exec_Mission_IU;3860;miiu;xx_524_m38miiu60u
ps_Exec_Mission_OM_AutorisationReedition;3652;moar;xx_524_m36moar52n
ps_Exec_Mission_Reliquat_U;2092;mrum;xx_524_m20mrum92u
ps_Exec_Mission_Report;2027;mire;xx_524_m20mire27t
ps_Exec_Mission_SL;3827;misl;xx_524_m38misl27l
ps_Exec_Mission_Transmission;3734;mitr;xx_524_m37mitr34n
ps_Exec_Mission_Transmission_Report;2912;mtre;xx_524_m29mtre12t
ps_Exec_ModifierArrondissement;2502;moar;xx_524_m25moar02t
ps_Exec_ModifierPC;1967;mopc;xx_524_m19mopc67c
ps_Exec_Nature_SL;3857;nasl;xx_524_n38nasl57l
ps_Exec_NatureEco_NBE2019;2833;nen2;xx_524_n28nen2339
ps_Exec_NatureEco_Sans_CaisseAvance;2825;nesc;xx_524_n28nesc25e
ps_Exec_NatureEco_Sans_CaisseAvance_NBE2019;3213;nesc;xx_524_n32nesc139
ps_Exec_NatureEcoByArticle;2158;neba;xx_524_n21neba58e
ps_Exec_NaturesEconomiques_SL;1946;nesl;xx_524_n19nesl46l
ps_Exec_Nom_AgentHabilite;2497;naha;xx_524_n24naha97e
ps_Exec_Nouveautes_SL;2648;nosl;xx_524_n26nosl48l
ps_Exec_Nouveautes_UI;2172;noui;xx_524_n21noui72i
ps_Exec_NumAutDepValide;3300;nadv;xx_524_n33nadv00e
ps_Exec_OneCarnetByNumBon;1912;ocbn;xx_524_o19ocbn12n
ps_Exec_OneCarnetByNumCarnet;3486;ocbn;xx_524_o34ocbn86t
ps_Exec_OppositionContribuableIndelicat_D;2914;ocid;xx_524_o29ocid14d
ps_Exec_OppositionContribuableIndelicat_IU;2627;ocii;xx_524_o26ocii27u
ps_Exec_OppositionContribuableIndelicat_SL;3120;ocis;xx_524_o31ocis20l
ps_Exec_OppositionContribuableIndelicatByNumContribuable;2214;ocib;xx_524_o22ocib14e
ps_Exec_OppositionContribuableIndelicatListePrecompte;2703;ocil;xx_524_o27ocil03e
ps_Exec_OppositionContribuableIndelicatPrecompte_D;2474;ocip;xx_524_o24ocip74d
ps_Exec_OppositionContribuableIndelicatPrecompte_IU;3342;ocip;xx_524_o33ocip42u
ps_Exec_OppositionContribuableIndelicatPrecompte_SL;2349;ocip;xx_524_o23ocip49l
ps_Exec_OppositionFichePension_IU;3610;ofpi;xx_524_o36ofpi10u
ps_Exec_OppositionFichePensionByID;3993;ofpb;xx_524_o39ofpb93d
ps_Exec_OppositionFichePensionByMatriculeSaisi;3178;ofpb;xx_524_o31ofpb78i
ps_Exec_OppositionFichePensionPrecompte_IU;2900;ofpp;xx_524_o29ofpp00u
ps_Exec_OppositionFichePensionPrecompteByMatriculeSaisi;3853;ofpp;xx_524_o38ofpp53i
ps_Exec_OppositionFichePensionPrecompteNonValiderByMatriculeSaisi;3831;ofpp;xx_524_o38ofpp31i
ps_Exec_OppositionFichePensionPrecompteValidation_I;2065;ofpp;xx_524_o20ofpp65i
ps_Exec_OppositionMandat_IU;2700;omiu;xx_524_o27omiu00u
ps_Exec_OppositionMandat_SL;2797;omsl;xx_524_o27omsl97l
ps_Exec_OppositionMandatByExercice;2992;ombe;xx_524_o29ombe92e
ps_Exec_OppositionMandatByNumeroMandat;3891;ombn;xx_524_o38ombn91t
ps_Exec_OppositionMandatLiquider_I;2710;omli;xx_524_o27omli10i
ps_Exec_OppositionMandatPiece_I;2661;ompi;xx_524_o26ompi61i
ps_Exec_OppositionMois_SL;2695;omsl;xx_524_o26omsl95l
ps_Exec_OppositionNote_D;3997;ondo;xx_524_o39ondo97d
ps_Exec_OppositionNote_IU;2252;oniu;xx_524_o22oniu52u
ps_Exec_OppositionNote_SL;2821;onsl;xx_524_o28onsl21l
ps_Exec_OppositionOrdreRecette_IU;3699;oori;xx_524_o36oori99u
ps_Exec_OppositionOrdreRecette_SL;2222;oors;xx_524_o22oors22l
ps_Exec_OppositionOrdreRecetteNonValiderByExercice;3270;oorn;xx_524_o32oorn70e
ps_Exec_OppositionOrdreRecetteValider_I;3815;oorv;xx_524_o38oorv15i
ps_Exec_OppositionOrdreRecetteValiderByBeneficiaire;2411;oorv;xx_524_o24oorv11e
ps_Exec_OppositionOrdreRecetteVisa_I;3801;oorv;xx_524_o38oorv01i
ps_Exec_OppositionPiece_IU;2819;opiu;xx_524_o28opiu19u
ps_Exec_OppositionPiece_SL;3079;opsl;xx_524_o30opsl79l
ps_Exec_OppositionSaisieArret_IU;2097;osai;xx_524_o20osai97u
ps_Exec_OppositionSaisieArretByExercice;2042;osab;xx_524_o20osab42e
ps_Exec_OppositionSaisieArretPrecompte_IU;3273;osap;xx_524_o32osap73u
ps_Exec_OppositionSaisieArretPrecompterBySaisieArretId;3633;osap;xx_524_o36osap33d
ps_Exec_OppositionSaisieArretPrecompterBySaisieType;3577;osap;xx_524_o35osap77e
ps_Exec_OppositionSaisieArretPrecompterNonValiderByMatriculeSaisi;3468;osap;xx_524_o34osap68i
ps_Exec_OppositionSaisieArretPrecompteValidation_I;2855;osap;xx_524_o28osap55i
ps_Exec_OppositionSaisieArretValidation_I;2394;osav;xx_524_o23osav94i
ps_Exec_OppositionType_SL;3460;otsl;xx_524_o34otsl60l
ps_Exec_Option_D;3196;opdo;xx_524_o31opdo96d
ps_Exec_Option_IU;2888;opiu;xx_524_o28opiu88u
ps_Exec_Option_SL;2204;opsl;xx_524_o22opsl04l
ps_Exec_Ordonnancement_Annule;2426;oran;xx_524_o24oran26e
ps_Exec_Ordonnancement_I;2173;orio;xx_524_o21orio73i
ps_Exec_OrdonnateurAE;3414;orae;xx_524_o34orae14e
ps_Exec_OrdonnateurCP;3741;orcp;xx_524_o37orcp41p
ps_Exec_Ouvrir_Deconcentre;3090;oude;xx_524_o30oude90e
ps_Exec_Ouvrir_Postetraitement;3401;oupo;xx_524_o34oupo01t
ps_Exec_Paragraphe_Bon;3545;pabo;xx_524_p35pabo45n
ps_Exec_Paragraphe_I;3273;paip;xx_524_p32paip73i
ps_Exec_Paragraphe_Infos;3539;pain;xx_524_p35pain39s
ps_Exec_Paragraphe_InfosAUTDEP;2224;piau;xx_524_p22piau24p
ps_Exec_Paragraphe_InfosDetails;2397;pide;xx_524_p23pide97s
ps_Exec_Paragraphe_InfosDetailsAUTDEP;3031;pida;xx_524_p30pida31p
ps_Exec_Paragraphe_InfosNew;3321;pine;xx_524_p33pine21w
ps_Exec_Paragraphe_mvt_listing;2030;pmli;xx_524_p20pmli30g
ps_Exec_Paragraphe_U;3463;paup;xx_524_p34paup63u
ps_Exec_Paragraphe_UP;3725;paup;xx_524_p37paup25p
ps_Exec_ParagrapheAffectation;3037;paaf;xx_524_p30paaf37n
ps_Exec_ParagrapheAffectationAnnuler;2319;paan;xx_524_p23paan19r
ps_Exec_ParagrapheCouverture;2036;paco;xx_524_p20paco36e
ps_Exec_ParagrapheDeblocage;3576;pade;xx_524_p35pade76e
ps_Exec_ParagrapheDeblocageValider;2524;pdva;xx_524_p25pdva24r
ps_Exec_ParagrapheDisponible;3935;padi;xx_524_p39padi35e
ps_Exec_ParagrapheDisponible_2018;2046;pd20;xx_524_p20pd20468
ps_Exec_ParagrapheDisponibleById;3234;pdbi;xx_524_p32pdbi34d
ps_Exec_ParagrapheExecById;3627;pebi;xx_524_p36pebi27d
ps_Exec_ParagrapheGrandeMasse_Update;2024;pgmu;xx_524_p20pgmu24e
ps_Exec_ParagrapheInsert;3436;pain;xx_524_p34pain36t
ps_Exec_ParagrapheMajTotaux;3407;pmto;xx_524_p34pmto07x
ps_Exec_ParagrapheMajTotaux_Controle;2082;pmtc;xx_524_p20pmtc82e
ps_Exec_ParagrapheMajTotauxPaID;3638;pmtp;xx_524_p36pmtp38d
ps_Exec_ParagrapheMajTotauxRG;3280;pmtr;xx_524_p32pmtr80g
ps_Exec_ParagrapheQuota;3979;paqu;xx_524_p39paqu79a
ps_Exec_ParagrapheQuota_Update;3605;pqup;xx_524_p36pqup05e
ps_Exec_ParagrapheQuotaAgent;2576;pqag;xx_524_p25pqag76t
ps_Exec_ParagrapheUnitePhysique_IU;2532;pupi;xx_524_p25pupi32u
ps_Exec_PaysById;2325;pbid;xx_524_p23pbid25d
ps_Exec_PiecesJointes_Controleur_D;3891;pjcd;xx_524_p38pjcd91d
ps_Exec_PiecesJointes_Controleur_I;3684;pjci;xx_524_p36pjci84i
ps_Exec_PiecesJointes_Controleur_List;3824;pjcl;xx_524_p38pjcl24t
ps_Exec_PiecesJointes_Controleur_U;3267;pjcu;xx_524_p32pjcu67u
ps_Exec_PiecesJointes_Ordonnateur_D;3670;pjod;xx_524_p36pjod70d
ps_Exec_PiecesJointes_Ordonnateur_I;2663;pjoi;xx_524_p26pjoi63i
ps_Exec_PiecesJointes_Ordonnateur_List;3112;pjol;xx_524_p31pjol12t
ps_Exec_PiecesJointes_Ordonnateur_U;2247;pjou;xx_524_p22pjou47u
ps_Exec_PlanEngagement_LF;2178;pelf;xx_524_p21pelf78f
ps_Exec_PosteComptable_SL;3652;pcsl;xx_524_p36pcsl52l
ps_Exec_PosteTraitement_D;3319;ptdp;xx_524_p33ptdp19d
ps_Exec_PosteTraitement_I;3920;ptip;xx_524_p39ptip20i
ps_Exec_PosteTraitement_U;2959;ptup;xx_524_p29ptup59u
ps_Exec_PrepaActiviteUnitePhysique_S;1949;paup;xx_524_p19paup49s
ps_Exec_PrepaActiviteUnitePhysiqueReference_D;2384;paup;xx_524_p23paup84d
ps_Exec_PrepaActiviteUnitePhysiqueReference_I;2281;paup;xx_524_p22paup81i
ps_Exec_PrepaActiviteUnitePhysiqueReference_U;3916;paup;xx_524_p39paup16u
ps_Exec_ProjetBIP;2199;prbi;xx_524_p21prbi99p
ps_Exec_Quota_AugmentationVolume_D;2689;qavd;xx_524_q26qavd89d
ps_Exec_Quota_AugmentationVolume_IU;2655;qavi;xx_524_q26qavi55u
ps_Exec_Quota_AugmentationVolumeByOrdonnateur;2538;qavb;xx_524_q25qavb38r
ps_Exec_Quota_AugmentationVolumeReport;2249;qavr;xx_524_q22qavr49t
ps_Exec_Quota_CalculVolumeGlobalOrdonnateur;2677;qcvg;xx_524_q26qcvg77r
ps_Exec_Quota_Disponible;2004;qudi;xx_524_q20qudi04e
ps_Exec_Quota_EtatConsoByChapitreReport;3098;qecb;xx_524_q30qecb98t
ps_Exec_Quota_EtatConsoByOrdonnateurReport;3450;qecb;xx_524_q34qecb50t
ps_Exec_Quota_EtatConsoCp_By_OrdonnateurAndTache;2749;qecc;xx_524_q27qecc49e
ps_Exec_Quota_EtatConsoGlobalOrdonnateurReport;2268;qecg;xx_524_q22qecg68t
ps_Exec_Quota_EtatConsoOrdonnateurDetailReport;3296;qeco;xx_524_q32qeco96t
ps_Exec_Quota_EtatVentilationByOrdonnateurReport;2315;qevb;xx_524_q23qevb15t
ps_Exec_Quota_GetVolumeOrdonnateur;2935;qgvo;xx_524_q29qgvo35r
ps_Exec_Quota_GlobalOrdonnateur_IU;3271;qgoi;xx_524_q32qgoi71u
ps_Exec_Quota_GlobalOrdonnateurReport;2304;qgor;xx_524_q23qgor04t
ps_Exec_Quota_ListeOrdonnateur;2953;qlor;xx_524_q29qlor53r
ps_Exec_Quota_SaisieIncompressible_D;3918;qsid;xx_524_q39qsid18d
ps_Exec_Quota_SaisieIncompressible_IU;2389;qsii;xx_524_q23qsii89u
ps_Exec_Quota_SaisieIncompressible_SL;3900;qsis;xx_524_q39qsis00l
ps_Exec_Quota_VolumeGlobal;2637;qvgl;xx_524_q26qvgl37l
ps_Exec_QuotaByExercice_Report;2356;qber;xx_524_q23qber56t
ps_Exec_QuotaChapitre_IU;2316;qciu;xx_524_q23qciu16u
ps_Exec_QuotaChapitreCalcul_D;2371;qccd;xx_524_q23qccd71d
ps_Exec_QuotaChapitreCalcul_IU;2465;qcci;xx_524_q24qcci65u
ps_Exec_QuotaChapitreCalcul_Report;3719;qccr;xx_524_q37qccr19t
ps_Exec_QuotaChapitreCalcul_SL;2685;qccs;xx_524_q26qccs85l
ps_Exec_QuotaDepenseImcompressible_ByTrimestre;3504;qdib;xx_524_q35qdib04e
ps_Exec_QuotaDepenseImcompressible_IU;2546;qdii;xx_524_q25qdii46u
ps_Exec_QuotaDepenseImcompressible_SL;2870;qdis;xx_524_q28qdis70l
ps_Exec_QuotaGlobal_ByChapitreReport;2433;qgbc;xx_524_q24qgbc33t
ps_Exec_QuotaGlobal_ByTrimestre;3773;qgbt;xx_524_q37qgbt73e
ps_Exec_QuotaRegionActiver;2726;qrac;xx_524_q27qrac26r
ps_Exec_Reception_I;2444;reir;xx_524_r24reir44i
ps_Exec_RechDeblocage;1947;rede;xx_524_r19rede47e
ps_Exec_RechDeblocageLigne;2810;rdli;xx_524_r28rdli10e
ps_Exec_Recherche_CourrierHistorique;2770;rchi;xx_524_r27rchi70e
ps_Exec_RechercheParagrphe;3806;repa;xx_524_r38repa06e
ps_Exec_Reconduire_CarnetNonAffectes;3963;rcna;xx_524_r39rcna63s
ps_Exec_Reedition_Transmission;3965;retr;xx_524_r39retr65n
ps_Exec_Remontee_Vidage;2243;revi;xx_524_r22revi43e
ps_Exec_Rubriques_By_Id;2405;rbid;xx_524_r24rbid05d
ps_Exec_Rubriques_D;3009;rudr;xx_524_r30rudr09d
ps_Exec_Rubriques_Get_Rubrique_AUTRE;2516;rgra;xx_524_r25rgra16e
ps_Exec_Rubriques_Get_Rubrique_CAD;3381;rgrc;xx_524_r33rgrc81d
ps_Exec_Rubriques_Get_Rubrique_DEP;3022;rgrd;xx_524_r30rgrd22p
ps_Exec_Rubriques_Get_Rubrique_IR;2531;rgri;xx_524_r25rgri31r
ps_Exec_Rubriques_Get_Rubrique_IRNC;3876;rgri;xx_524_r38rgri76c
ps_Exec_Rubriques_Get_Rubrique_IRPP;2702;rgri;xx_524_r27rgri02p
ps_Exec_Rubriques_Get_Rubrique_NAP;3161;rgrn;xx_524_r31rgrn61p
ps_Exec_Rubriques_Get_Rubrique_PEN;2879;rgrp;xx_524_r28rgrp79n
ps_Exec_Rubriques_Get_Rubrique_PRE;2707;rgrp;xx_524_r27rgrp07e
ps_Exec_Rubriques_Get_Rubrique_RG;2943;rgrr;xx_524_r29rgrr43g
ps_Exec_Rubriques_Get_Rubrique_TAXE;3507;rgrt;xx_524_r35rgrt07e
ps_Exec_Rubriques_Get_Rubrique_TSR;3214;rgrt;xx_524_r32rgrt14r
ps_Exec_Rubriques_Get_Rubrique_TVA;3956;rgrt;xx_524_r39rgrt56a
ps_Exec_Rubriques_SL;2000;rusl;xx_524_r20rusl00l
ps_Exec_SaveInfo;2340;sain;xx_524_s23sain40o
ps_Exec_SaveInfos;2990;sain;xx_524_s29sain90s
ps_Exec_SEBIC_CFAP;2453;secf;xx_524_s24secf53p
ps_Exec_SEBIC_CHAP;3156;sech;xx_524_s31sech56p
ps_Exec_SEBIC_CHAP_SAL;2854;scsa;xx_524_s28scsa54l
ps_Exec_SEBIC_CHAPBFBIP;2399;sech;xx_524_s23sech99p
ps_Exec_SEBIC_CHAPBFBIP1;2976;sc1s;xx_524_s29sc1s761
ps_Exec_SEBIC_CHAPCOMPTE;3280;sech;xx_524_s32sech80e
ps_Exec_SEBIC_CHAPImputation;2600;scim;xx_524_s26scim00n
ps_Exec_SEBIC_CHAPNATURE;3938;sech;xx_524_s39sech38e
ps_Exec_SEBIC_CHAPPROGRAMME;2716;sech;xx_524_s27sech16e
ps_Exec_SEBIC_CHAPPROGRAMME_SAL;2458;scsa;xx_524_s24scsa58l
ps_Exec_SEBIC_CHAPPROGRAMMEACTION;2053;sech;xx_524_s20sech53n
ps_Exec_SEBIC_CHAPPROGRAMMEACTIONIMPUTATION23;3192;sc23;xx_524_s31sc23923
ps_Exec_SEBIC_CHAPPROJET;2118;sech;xx_524_s21sech18t
ps_Exec_SEBIC_FONCTIONNELLE;3906;sefo;xx_524_s39sefo06e
ps_Exec_SEBIC_GrandeMasse;2318;sgma;xx_524_s23sgma18e
ps_Exec_SEBIC_NV;3582;senv;xx_524_s35senv82v
ps_Exec_SEBIC_SituationCourante;2605;ssco;xx_524_s26ssco05e
ps_Exec_Sequence_CreateNew;3292;scne;xx_524_s32scne92w
ps_Exec_Sequence_GetNextVal;2997;sgnv;xx_524_s29sgnv97l
ps_Exec_Simulation_Ordonnance_Par_Compte;2842;sopc;xx_524_s28sopc42e
ps_Exec_Simulation_Ordonnance_Par_Imputation;2652;sopi;xx_524_s26sopi52n
ps_Exec_Simulation_Ordonnance_ParChapitre;3028;sopc;xx_524_s30sopc28e
ps_exec_site_info;3239;esin;xx_237_e32esin39o
ps_Exec_SituationAnnulation;3808;sian;xx_524_s38sian08n
ps_Exec_SituationApresArret_SL;2363;saas;xx_524_s23saas63l
ps_Exec_SituationConsolideBudget;3999;scbu;xx_524_s39scbu99t
ps_Exec_SituationConsolideBudget_GM;2170;scbg;xx_524_s21scbg70m
ps_Exec_SituationConsolideBudget_v2;3088;scbv;xx_524_s30scbv882
ps_Exec_SituationConsolideBudget_v2_sansEntete;3207;scbv;xx_524_s32scbv07e
ps_Exec_SituationDeblocage;3064;side;xx_524_s30side64e
ps_Exec_SituationDisponible;2432;sidi;xx_524_s24sidi32e
ps_Exec_SituationDossiers_OrdonnanceTransmitPourPaiement;2424;sdot;xx_524_s24sdot24t
ps_Exec_SituationEngage;3135;sien;xx_524_s31sien35e
ps_Exec_SituationnRegion;3582;sire;xx_524_s35sire82n
ps_Exec_SourceFinancement_D;2866;sfds;xx_524_s28sfds66d
ps_Exec_SourceFinancement_SL;3307;sfsl;xx_524_s33sfsl07l
ps_Exec_SourceFinancement_UI;2283;sfui;xx_524_s22sfui83i
ps_Exec_StructureAE;1954;stae;xx_524_s19stae54e
ps_Exec_StructureCP;2585;stcp;xx_524_s25stcp85p
ps_Exec_Suivi_Global_Depenses;3038;sgde;xx_524_s30sgde38s
ps_Exec_SuiviBudget_2022_ChSfProc;2419;sb2c;xx_524_s24sb2c19c
ps_Exec_SuiviBudget_2022_Nbe2019;2872;sb2n;xx_524_s28sb2n729
ps_Exec_Supprimer_AutorisationDepense;3319;sade;xx_524_s33sade19e
ps_Exec_TacheAlleges;3201;taal;xx_524_t32taal01s
ps_Exec_TacheDotationAnterieure;2772;tdan;xx_524_t27tdan72e
ps_Exec_TacheInsert;2348;tain;xx_524_t23tain48t
ps_Exec_TachesAlleges_2015;2307;ta20;xx_524_t23ta20075
ps_Exec_tblAgent_D;2401;tadt;xx_524_t24tadt01d
ps_Exec_tblAgent_I;3402;tait;xx_524_t34tait02i
ps_Exec_tblAgent_U;2697;taut;xx_524_t26taut97u
ps_Exec_tblAgent_V;3662;tavt;xx_524_t36tavt62v
ps_Exec_tblAgent_Validation;2342;tava;xx_524_t23tava42n
ps_Exec_TblCategorieExecute_S;3224;tces;xx_524_t32tces24s
ps_Exec_tblClassificationEconomique_S;2346;tces;xx_524_t23tces46s
ps_Exec_tblOrdonnateur_ByAgent_SL;1941;toba;xx_524_t19toba41l
ps_Exec_tblOrdonnateur_D;2090;todt;xx_524_t20todt90d
ps_Exec_tblOrdonnateur_I;3283;toit;xx_524_t32toit83i
ps_Exec_tblOrdonnateur_SL;2961;tosl;xx_524_t29tosl61l
ps_Exec_tblOrdonnateur_U;2159;tout;xx_524_t21tout59u
ps_Exec_tblOrdonne_D;3383;todt;xx_524_t33todt83d
ps_Exec_tblOrdonne_I;3147;toit;xx_524_t31toit47i
ps_Exec_tblOrdonne_SL;3959;tosl;xx_524_t39tosl59l
ps_Exec_tblPosteComptable_IU;3164;tpci;xx_524_t31tpci64u
ps_Exec_tblPSFEUnitePhysique_IU;3109;tpup;xx_524_t31tpup09u
ps_Exec_tblPSFEUser_I;2788;tpui;xx_524_t27tpui88i
ps_Exec_tblPSFEUser_Reconduire;3020;tpur;xx_524_t30tpur20e
ps_Exec_TblPSFEUser_S;2916;tpus;xx_524_t29tpus16s
ps_Exec_tblPSFEUser_U;3841;tpuu;xx_524_t38tpuu41u
ps_Exec_tblPSFEUser_Update_GrNom;3163;tpuu;xx_524_t31tpuu63m
ps_Exec_tblPSFEUser_UpdatePpaBudget;3739;tpuu;xx_524_t37tpuu39t
ps_Exec_TblPSFEUserChapitre_S;3894;tpuc;xx_524_t38tpuc94s
ps_Exec_tblPSFEUserGroupe_Update_Proprietaire;1952;tpug;xx_524_t19tpug52e
ps_Exec_tblPsfeUserUpdate;2695;tpuu;xx_524_t26tpuu95e
ps_Exec_tblPsfeUserUpdate_BIS;2069;tpuu;xx_524_t20tpuu69s
ps_Exec_TransmettreDeblocageLigne;1903;tdli;xx_524_t19tdli03e
ps_Exec_TransmettreLigne;3799;trli;xx_524_t37trli99e
ps_Exec_Transmission;2539;tran;xx_524_t25tran39n
ps_Exec_Transmission_Annulation;3181;tran;xx_524_t31tran81n
ps_Exec_TransmissionDeblocage;3493;trde;xx_524_t34trde93e
ps_exec_TransmissionJournal__Model_annuler;2869;etjm;xx_237_e28etjm69r
ps_exec_TransmissionJournal__Model_receptionner;2959;etjm;xx_237_e29etjm59r
ps_exec_TransmissionJournal__Model_transmettre;2111;etjm;xx_237_e21etjm11e
ps_Exec_TransmissionJournal_Acte_reception_annuler;2722;tjar;xx_524_t27tjar22r
ps_Exec_TransmissionJournal_Acte_receptionner;2074;tjar;xx_524_t20tjar74r
ps_Exec_TransmissionJournal_Acte_transmettre;2365;tjat;xx_524_t23tjat65e
ps_Exec_TransmissionJournal_Acte_transmission_annuler;2102;tjat;xx_524_t21tjat02r
ps_exec_TransmissionJournal_BonCFC_reception_annuler;3186;etjb;xx_237_e31etjb86r
ps_exec_TransmissionJournal_BonCFC_receptionner;3896;etjb;xx_237_e38etjb96r
ps_exec_TransmissionJournal_BonCFC_transmettre;2674;etjb;xx_237_e26etjb74e
ps_exec_TransmissionJournal_BonCFC_transmission_annuler;3886;etjb;xx_237_e38etjb86r
ps_exec_TransmissionJournal_BonCRO_reception_annuler;2795;etjb;xx_237_e27etjb95r
ps_exec_TransmissionJournal_BonCRO_receptionner;1971;etjb;xx_237_e19etjb71r
ps_exec_TransmissionJournal_BonCRO_transmettre;2430;etjb;xx_237_e24etjb30e
ps_exec_TransmissionJournal_BonCRO_transmission_annuler;3603;etjb;xx_237_e36etjb03r
ps_exec_TransmissionJournal_BonEDTCC_reception_annuler;3318;etjb;xx_237_e33etjb18r
ps_exec_TransmissionJournal_BonEDTCC_receptionner;2370;etjb;xx_237_e23etjb70r
ps_exec_TransmissionJournal_BonEDTCC_transmettre;2224;etjb;xx_237_e22etjb24e
ps_exec_TransmissionJournal_BonEDTCC_transmission_annuler;3038;etjb;xx_237_e30etjb38r
ps_exec_TransmissionJournal_BonLIQ_reception_annuler;3564;etjb;xx_237_e35etjb64r
ps_exec_TransmissionJournal_BonLIQ_receptionner;2493;etjb;xx_237_e24etjb93r
ps_exec_TransmissionJournal_BonLIQ_transmettre;2156;etjb;xx_237_e21etjb56e
ps_exec_TransmissionJournal_BonLIQ_transmission_annuler;3306;etjb;xx_237_e33etjb06r
ps_exec_TransmissionJournal_BonPAIERIE_reception_annuler;2031;etjb;xx_237_e20etjb31r
ps_exec_TransmissionJournal_BonPAIERIE_receptionner;3521;etjb;xx_237_e35etjb21r
ps_exec_TransmissionJournal_BonPAIERIE_transmettre;3949;etjb;xx_237_e39etjb49e
ps_exec_TransmissionJournal_BonPAIERIE_transmission_annuler;2862;etjb;xx_237_e28etjb62r
ps_exec_TransmissionJournal_SL;3380;etjs;xx_237_e33etjs80l
ps_Exec_TrimestreByExercice;3785;tbex;xx_524_t37tbex85e
ps_Exec_UniteMesureSL;1915;umsl;xx_524_u19umsl15l
ps_Exec_UnitePhysique_D;3741;updu;xx_524_u37updu41d
ps_Exec_UnitePhysique_I;3782;upiu;xx_524_u37upiu82i
ps_Exec_UnitePhysique_U;2448;upuu;xx_524_u24upuu48u
ps_Exec_UnitePhysiqueNature;3683;upna;xx_524_u36upna83e
ps_Exec_UnitePhysiqueReference_D;2725;uprd;xx_524_u27uprd25d
ps_Exec_UnitePhysiqueReference_I;2485;upri;xx_524_u24upri85i
ps_Exec_UnitePhysiqueReference_S;3095;uprs;xx_524_u30uprs95s
ps_Exec_UnitePhysiqueReference_U;2623;upru;xx_524_u26upru23u
ps_Exec_Update_numDossier;3931;undo;xx_524_u39undo31r
ps_Exec_User_Chapitre;2659;usch;xx_524_u26usch59e
ps_Exec_UserChapitre_IU;2451;uciu;xx_524_u24uciu51u
ps_Exec_UserGroupe_D;3012;ugdu;xx_524_u30ugdu12d
ps_Exec_UserGroupe_I;3294;ugiu;xx_524_u32ugiu94i
ps_Exec_UserGroupe_MAJ;1904;ugma;xx_524_u19ugma04j
ps_Exec_UserGroupe_MAJ2017;2638;ugm2;xx_524_u26ugm2387
ps_Exec_UserGroupe_S;3152;ugsu;xx_524_u31ugsu52s
ps_Exec_UserGroupe_SL;3410;ugsl;xx_524_u34ugsl10l
ps_Exec_UserGroupe_SL_By_Proprietaire;2164;ugsb;xx_524_u21ugsb64e
ps_Exec_UserGroupe_SL_By_Proprietaire_BIS;2231;ugsb;xx_524_u22ugsb31s
ps_Exec_UserGroupe_SL_By_Proprietaire2016;3874;ugsb;xx_524_u38ugsb746
ps_Exec_UserGroupe_SL_By_Proprietaire2016_BIS;3659;ugsb;xx_524_u36ugsb59s
ps_Exec_UserGroupe_U;2609;uguu;xx_524_u26uguu09u
ps_Exec_UserProfil2017_D;3397;up2d;xx_524_u33up2d97d
ps_Exec_UserProfil2017_I;2584;up2i;xx_524_u25up2i84i
ps_Exec_UserProfil2017_S;2534;up2s;xx_524_u25up2s34s
ps_Exec_UserProfil2017_SL;3882;up2s;xx_524_u38up2s82l
ps_Exec_UserProfil2017_U;2037;up2u;xx_524_u20up2u37u
ps_Exec_UserProfile_D;3983;updu;xx_524_u39updu83d
ps_Exec_UserProfile_D2017;3569;upd2;xx_524_u35upd2697
ps_Exec_UserProfile_F;3659;upfu;xx_524_u36upfu59f
ps_Exec_UserProfile_I;2501;upiu;xx_524_u25upiu01i
ps_Exec_UserProfile_I2017;3206;upi2;xx_524_u32upi2067
ps_Exec_UserProfile_List;2227;upli;xx_524_u22upli27t
ps_Exec_UserProfile_List2017;1924;upl2;xx_524_u19upl2247
ps_exec_validate_numDossier;2854;evnd;xx_237_e28evnd54r
ps_Exec_ValiderLigne;2563;vali;xx_524_v25vali63e
ps_Exec_VerifieContribuable;3781;veco;xx_524_v37veco81e
ps_Exec_VerifierCodeAgence;2592;vcag;xx_524_v25vcag92e
ps_Exec_Virement_GetCodeChapitres;3187;vgcc;xx_524_v31vgcc87s
ps_Exec_Virement_GetParagraphe;2538;vgpa;xx_524_v25vgpa38e
ps_Exec_Virement_list;2223;vili;xx_524_v22vili23t
ps_Exec_Virement_listWithDetails;2918;vlwd;xx_524_v29vlwd18s
ps_Exec_Virement_Next_Id;2446;vnid;xx_524_v24vnid46d
ps_Exec_Virement_Paragraphe_Report;2431;vpre;xx_524_v24vpre31t
ps_Exec_VirementHistorique_I;3297;vhiv;xx_524_v32vhiv97i
ps_Exec_VirementModele_D;3382;vmdv;xx_524_v33vmdv82d
ps_Exec_VirementModele_IU;2361;vmiu;xx_524_v23vmiu61u
ps_Exec_VirementModele_List_By_TypeActe;3369;vmlb;xx_524_v33vmlb69e
ps_Exec_VirementModele_SL;1988;vmsl;xx_524_v19vmsl88l
ps_Exec_VirementModeleChap_IU;3680;vmci;xx_524_v36vmci80u
ps_Exec_VirementModeleChapitreByChapitre;2390;vmcb;xx_524_v23vmcb90e
ps_Exec_VirementParagraphe_D;2883;vpdv;xx_524_v28vpdv83d
ps_Exec_VirementParagraphe_IU;2726;vpiu;xx_524_v27vpiu26u
ps_Exec_VirementParagraphe_VL;3030;vpvl;xx_524_v30vpvl30l
ps_Exec_VirementProjet_Annulation;3827;vpan;xx_524_v38vpan27n
ps_Exec_VirementProjet_Arrete;2206;vpar;xx_524_v22vpar06e
ps_Exec_VirementProjet_Doublons;3928;vpdo;xx_524_v39vpdo28s
ps_Exec_VirementProjet_IU;3252;vpiu;xx_524_v32vpiu52u
ps_Exec_VirementProjet_Levee_IU;2600;vpli;xx_524_v26vpli00u
ps_Exec_VirementProjet_Mvt;2173;vpmv;xx_524_v21vpmv73t
ps_Exec_VirementProjet_Recherche;2688;vpre;xx_524_v26vpre88e
ps_Exec_VirementProjet_Reservation;2968;vpre;xx_524_v29vpre68n
ps_Exec_VirementProjet_Salaire;2416;vpsa;xx_524_v24vpsa16e
ps_Exec_VirementProjet_Validation;2505;vpva;xx_524_v25vpva05n
ps_Exec_VirementProjetByID;3445;vpbi;xx_524_v34vpbi45d
ps_Exec_VirementRegle_ChangeEtat;3670;vrce;xx_524_v36vrce70t
ps_Exec_VirementRegle_D;2559;vrdv;xx_524_v25vrdv59d
ps_Exec_VirementRegle_IU;2371;vriu;xx_524_v23vriu71u
ps_Exec_VirementRegle_SL;3913;vrsl;xx_524_v39vrsl13l
ps_Exec_VueActeJuridique_R;2512;vajr;xx_524_v25vajr12r
ps_Exec_WebCourrier_Get_Dossier_List;3164;wcgd;xx_524_w31wcgd64t
ps_Exec_WebCourrier_GetDossierByNumDossier;3363;wcgd;xx_524_w33wcgd63r
ps_Exec_WebCourrierAnnulerBordereau;2297;wcab;xx_524_w22wcab97u
ps_Exec_WebCourrierAnnulerEmission;2236;wcae;xx_524_w22wcae36n
ps_Exec_WebCourrierCircuit_D;2446;wccd;xx_524_w24wccd46d
ps_Exec_WebCourrierCircuit_I;3108;wcci;xx_524_w31wcci08i
ps_Exec_WebCourrierCircuit_U;3936;wccu;xx_524_w39wccu36u
ps_Exec_WebCourrierCircuitTraitementByPosteAndUser;2109;wcct;xx_524_w21wcct09r
ps_Exec_WebCourrierDescription_D;3130;wcdd;xx_524_w31wcdd30d
ps_Exec_WebCourrierDescription_IU;2941;wcdi;xx_524_w29wcdi41u
ps_Exec_WebCourrierDescriptionParcours_SL;2152;wcdp;xx_524_w21wcdp52l
ps_Exec_WebCourrierDocument_D;2040;wcdd;xx_524_w20wcdd40d
ps_Exec_WebCourrierDocument_IU;2050;wcdi;xx_524_w20wcdi50u
ps_Exec_WebCourrierDossier_D;3152;wcdd;xx_524_w31wcdd52d
ps_Exec_WebCourrierDossier_I;2660;wcdi;xx_524_w26wcdi60i
ps_Exec_WebCourrierDossier_U;2010;wcdu;xx_524_w20wcdu10u
ps_Exec_WebCourrierDossierEchangerEntrePoste;3809;wcde;xx_524_w38wcde09e
ps_Exec_WebCourrierDossierEmisParPoste;3959;wcde;xx_524_w39wcde59e
ps_Exec_WebCourrierDossierEmission;2131;wcde;xx_524_w21wcde31n
ps_Exec_WebCourrierDossierGetOperateurSaisiByChapitre;2734;wcdg;xx_524_w27wcdg34e
ps_Exec_WebCourrierDossierHorsDelaiPoste;2964;wcdh;xx_524_w29wcdh64e
ps_Exec_WebCourrierDossierListingPoste;2958;wcdl;xx_524_w29wcdl58e
ps_Exec_WebCourrierDossierPiece_D;3239;wcdp;xx_524_w32wcdp39d
ps_Exec_WebCourrierDossierPiece_I;3375;wcdp;xx_524_w33wcdp75i
ps_Exec_WebCourrierDossierPiece_U;2578;wcdp;xx_524_w25wcdp78u
ps_Exec_WebCourrierDossierPiece_UI;3321;wcdp;xx_524_w33wcdp21i
ps_Exec_WebCourrierDossierReception;3450;wcdr;xx_524_w34wcdr50n
ps_Exec_WebCourrierDossierRecuParPoste;3213;wcdr;xx_524_w32wcdr13e
ps_Exec_WebCourrierDossierSaisiNonTransmis;2804;wcds;xx_524_w28wcds04s
ps_Exec_WebCourrierDossierSaisiPeriode;3118;wcds;xx_524_w31wcds18e
ps_Exec_WebCourrierDossierToPrint;2078;wcdt;xx_524_w20wcdt78t
ps_Exec_WebCourrierDossierType_D;2552;wcdt;xx_524_w25wcdt52d
ps_Exec_WebCourrierDossierType_I;1992;wcdt;xx_524_w19wcdt92i
ps_Exec_WebCourrierDossierType_U;2551;wcdt;xx_524_w25wcdt51u
ps_Exec_WebCourrierEmissionBordereau;2067;wceb;xx_524_w20wceb67u
ps_Exec_WebCourrierFindPosteTraitement;3531;wcfp;xx_524_w35wcfp31t
ps_Exec_WebCourrierFindPosteTraitementbyKey;2902;wcfp;xx_524_w29wcfp02y
ps_Exec_WebCourrierGetDocumentById;2299;wcgd;xx_524_w22wcgd99d
ps_Exec_WebCourrierGetDossierByNumDossier;3811;wcgd;xx_524_w38wcgd11r
ps_Exec_WebCourrierGetDossiersTypes;3459;wcgd;xx_524_w34wcgd59s
ps_Exec_WebCourrierGetDossierTypeByKey;2329;wcgd;xx_524_w23wcgd29y
ps_Exec_WebCourrierGetDossierUser;2238;wcgd;xx_524_w22wcgd38r
ps_Exec_WebCourrierGetEtapesOfParcours;1902;wcge;xx_524_w19wcge02s
ps_Exec_WebCourrierGetHistoriqueDossier;2827;wcgh;xx_524_w28wcgh27r
ps_Exec_WebCourrierGetListDocumentByCircuit;3117;wcgl;xx_524_w31wcgl17t
ps_Exec_WebCourrierGetListDossierType;2313;wcgl;xx_524_w23wcgl13e
ps_Exec_WebCourrierGetListeBordereauEmis;3747;wcgl;xx_524_w37wcgl47s
ps_Exec_WebCourrierGetListeBordereauRecu;2900;wcgl;xx_524_w29wcgl00u
ps_Exec_WebCourrierGetListeCourrierDossier;4000;wcgl;xx_524_w40wcgl00r
ps_Exec_WebCourrierGetListeCourrierDossierPieceByCourrierDossierId;2257;wcgl;xx_524_w22wcgl57d
ps_Exec_WebCourrierGetListeDossierAnnuler;2460;wcgl;xx_524_w24wcgl60r
ps_Exec_WebCourrierGetListeDossierRecherche;2223;wcgl;xx_524_w22wcgl23e
ps_Exec_WebCourrierGetListePiecesDossier;2718;wcgl;xx_524_w27wcgl18r
ps_Exec_WebCourrierGetListePiecesJointes;2501;wcgl;xx_524_w25wcgl01s
ps_Exec_WebCourrierGetListePosteTraitement;3484;wcgl;xx_524_w34wcgl84t
ps_Exec_WebCourrierGetListePosteTraitementOfUser;2919;wcgl;xx_524_w29wcgl19r
ps_Exec_WebCourrierGetListePosteTraitementOfUserChapitre;3392;wcgl;xx_524_w33wcgl92e
ps_Exec_WebCourrierGetListePosteTraitementsEmetteurs;3744;wcgl;xx_524_w37wcgl44s
ps_Exec_WebCourrierGetListePosteTraitementsRecepteurs;2582;wcgl;xx_524_w25wcgl82s
ps_Exec_WebCourrierGetListeUserPosteTraitement;3924;wcgl;xx_524_w39wcgl24t
ps_Exec_WebCourrierGetListeUserPosteTraitementByChap;3012;wcgl;xx_524_w30wcgl12p
ps_Exec_WebCourrierGetListeUserPosteTraitementByExChap;3655;wcgl;xx_524_w36wcgl55p
ps_Exec_WebCourrierGetListeUserPosteTraitementsRecepteurs;2425;wcgl;xx_524_w24wcgl25s
ps_Exec_WebCourrierGetListMouvementDossierId;3291;wcgl;xx_524_w32wcgl91d
ps_Exec_WebCourrierGetListParcours;2160;wcgl;xx_524_w21wcgl60s
ps_Exec_WebCourrierGetMaxNumBordereauEnvoi;3497;wcgm;xx_524_w34wcgm97i
ps_Exec_WebCourrierGetMaxNumBordereauReception;1956;wcgm;xx_524_w19wcgm56n
ps_Exec_WebCourrierGetMouvementDossier;2685;wcgm;xx_524_w26wcgm85r
ps_Exec_WebCourrierGetMouvementDossiers;3568;wcgm;xx_524_w35wcgm68s
ps_Exec_WebCourrierGetMouvementsDossier;2347;wcgm;xx_524_w23wcgm47r
ps_Exec_WebCourrierGetNumBordereauEmission;2120;wcgn;xx_524_w21wcgn20n
ps_Exec_WebCourrierGetParcoursById;3861;wcgp;xx_524_w38wcgp61d
ps_Exec_WebCourrierGetParcoursByType;3909;wcgp;xx_524_w39wcgp09e
ps_Exec_WebCourrierGetPieceJointe;2013;wcgp;xx_524_w20wcgp13e
ps_Exec_WebCourrierGetPieceJointeByKey;3468;wcgp;xx_524_w34wcgp68y
ps_Exec_WebCourrierGetPostesTraitementEnregistrement;3276;wcgp;xx_524_w32wcgp76t
ps_Exec_WebCourrierGetPosteTraitementbyCode;3346;wcgp;xx_524_w33wcgp46e
ps_Exec_WebCourrierGetSyntheseDossier;1965;wcgs;xx_524_w19wcgs65r
ps_Exec_WebCourrierGetUserByPosteTraitement;2914;wcgu;xx_524_w29wcgu14t
ps_Exec_WebCourrierGraphe_D;2009;wcgd;xx_524_w20wcgd09d
ps_Exec_WebCourrierGraphe_I;2953;wcgi;xx_524_w29wcgi53i
ps_Exec_WebCourrierHistorique_I;2105;wchi;xx_524_w21wchi05i
ps_Exec_WebCourrierHistorique_ListeDossierByDossierId;3946;wchl;xx_524_w39wchl46d
ps_Exec_WebCourrierIsPosteCloture;3075;wcip;xx_524_w30wcip75e
ps_Exec_WebCourrierIsPosteEnregistrement;2965;wcip;xx_524_w29wcip65t
ps_Exec_WebCourrierListeCircuitByUserAndTypeDossier;3395;wclc;xx_524_w33wclc95r
ps_Exec_WebCourrierListeCircuitEmission;2473;wclc;xx_524_w24wclc73n
ps_Exec_WebCourrierListeCourrierDossierByExerciceChapitre;2118;wclc;xx_524_w21wclc18e
ps_Exec_WebCourrierListeDossierEmisByNumBordereau;2715;wcld;xx_524_w27wcld15u
ps_Exec_WebCourrierListeDossierEmisByNumBordereauAndPosteRecepteur;3053;wcld;xx_524_w30wcld53r
ps_Exec_WebCourrierListeDossierRecuByNumBordereau;2797;wcld;xx_524_w27wcld97u
ps_Exec_WebCourrierListeDossiersAEmettre;2676;wcld;xx_524_w26wcld76e
ps_Exec_WebCourrierListePosteTraitementAffecteByChCodeAndUser;3724;wclp;xx_524_w37wclp24r
ps_Exec_WebCourrierListePosteTraitementAffecteByUser;2851;wclp;xx_524_w28wclp51r
ps_Exec_WebCourrierListePosteTraitementAffectees;2809;wclp;xx_524_w28wclp09s
ps_Exec_WebCourrierListNumBordereauxEmis;3407;wcln;xx_524_w34wcln07s
ps_Exec_WebCourrierListNumBordereauxRecus;2188;wcln;xx_524_w21wcln88s
ps_Exec_WebCourrierMouvement_IU;3490;wcmi;xx_524_w34wcmi90u
ps_exec_WebCourrierParcours_D;2925;ewcp;xx_237_e29ewcp25d
ps_exec_WebCourrierParcours_IU;2445;ewcp;xx_237_e24ewcp45u
ps_Exec_WebCourrierParcoursList;3398;wcpl;xx_524_w33wcpl98t
ps_Exec_WebCourrierPieceJointe_D;3031;wcpj;xx_524_w30wcpj31d